Player Name,Club,Nationality,Position,Appearances,Minutes,Goals,Assists,Shots,Shots On Target,SOT%,Conversion %,Big Chances Missed,Hit Woodwork,Offsides,Touches,Passes,Successful Passes,Passes%,Crosses,Successful Crosses,Crosses %,fThird Passes,Successful fThird Passes,fThird Passes %,Through Balls,Carries,Progressive Carries,Carries Final Third,Carries Pen Area,Passes to Pen Area,Crosses to Pen Area
William Saliba,Arsenal,fr FRA,DF,38,3420,2,1,10,3,30.0,20.0,,,2,3093,2851,2635,92.4,3,,,175,,,3,1992,16,,1,6,1
Declan Rice,Arsenal,eng ENG,MF,38,3225,7,8,58,20,34.5,12.07,,,7,2650,2295,2041,88.9,60,,,240,,,2,1675,75,,16,39,2
Martin Ødegaard,Arsenal,no NOR,MF,35,3091,8,10,75,21,28.0,10.67,,,16,2326,2006,1692,84.3,77,,,160,,,39,1563,91,,37,130,13
Gabriel Magalhães,Arsenal,br BRA,DF,36,3044,4,0,31,10,32.3,12.9,,,5,2447,2157,1914,88.7,4,,,143,,,2,1447,13,,1,9,1
Ben White,Arsenal,eng ENG,DF,37,2988,4,4,13,6,46.2,30.77,,,4,2456,2177,1828,84.0,57,,,172,,,5,1321,44,,9,45,10
Bukayo Saka,Arsenal,eng ENG,FW,35,2919,16,9,102,31,30.4,15.69,,,9,1952,1512,1143,75.6,181,,,39,,,4,1223,155,,72,73,12
David Raya,Arsenal,es ESP,GK,32,2880,0,0,0,0,,,,,3,1099,1068,800,74.9,0,,,30,,,0,728,0,,0,0,0
Kai Havertz,Arsenal,de GER,"MF,FW",37,2634,13,7,68,27,39.7,19.12,,,5,1282,955,764,80.0,12,,,65,,,2,686,55,,23,29,1
Gabriel Martinelli,Arsenal,br BRA,FW,35,2019,6,4,58,20,34.5,10.34,,,2,1241,929,724,77.9,109,,,22,,,3,856,127,,82,33,7
Oleksandr Zinchenko,Arsenal,ua UKR,DF,27,1722,1,2,17,3,17.6,5.88,,,8,1729,1568,1374,87.6,30,,,154,,,11,1013,40,,7,49,4
Leandro Trossard,Arsenal,be BEL,"FW,MF",34,1649,12,1,60,22,36.7,20.0,,,2,912,673,494,73.4,57,,,28,,,8,591,66,,27,29,4
Gabriel Jesus,Arsenal,br BRA,FW,27,1478,4,5,55,19,34.5,7.27,,,8,782,513,403,78.6,9,,,18,,,8,489,38,,25,19,1
Takehiro Tomiyasu,Arsenal,jp JPN,DF,22,1149,2,1,17,3,17.6,11.76,,,2,824,697,574,82.4,14,,,60,,,2,469,17,,3,10,3
Eddie Nketiah,Arsenal,eng ENG,FW,27,1082,5,2,38,12,31.6,13.16,,,0,371,215,168,78.1,5,,,7,,,3,236,22,,11,5,0
Jakub Kiwior,Arsenal,pl POL,DF,20,946,1,3,6,2,33.3,16.67,,,2,716,625,523,83.7,12,,,43,,,1,362,4,,1,8,3
Jorginho,Arsenal,it ITA,MF,24,921,0,2,4,0,0.0,0.0,,,8,871,785,699,89.0,3,,,81,,,5,521,8,,0,25,1
Thomas Partey,Arsenal,gh GHA,"MF,DF",14,788,0,0,8,2,25.0,0.0,,,3,707,636,570,89.6,2,,,61,,,3,453,15,,1,14,2
Aaron Ramsdale,Arsenal,eng ENG,GK,6,540,0,0,0,0,,,,,0,197,188,131,69.7,0,,,4,,,0,137,0,,0,0,0
Emile Smith Rowe,Arsenal,eng ENG,MF,13,353,0,1,15,5,33.3,0.0,,,0,253,213,188,88.3,1,,,13,,,0,154,11,,1,11,0
Fabio Vieira,Arsenal,pt POR,"MF,FW",11,297,1,2,6,1,16.7,16.67,,,1,184,150,122,81.3,15,,,12,,,3,111,12,,6,6,1
Reiss Nelson,Arsenal,eng ENG,FW,15,268,0,0,4,1,25.0,0.0,,,0,188,144,127,88.2,14,,,1,,,0,129,9,,4,6,2
Jurriën Timber,Arsenal,nl NED,DF,2,71,0,0,0,0,,,,,0,79,74,66,89.2,1,,,11,,,0,61,0,,0,0,0
Cédric Soares,Arsenal,pt POR,DF,3,62,0,0,0,0,,,,,0,69,69,60,87.0,4,,,4,,,0,37,0,,0,0,0
Mohamed Elneny,Arsenal,eg EGY,MF,3,28,0,0,2,1,50.0,0.0,,,0,45,40,39,97.5,0,,,2,,,0,27,1,,0,0,0
Ethan Nwaneri,Arsenal,eng ENG,FW,1,14,0,0,0,0,,,,,0,20,18,15,83.3,0,,,1,,,0,16,2,,0,2,0
Ollie Watkins,Aston Villa,eng ENG,FW,37,3217,19,13,107,47,43.9,17.76,,,2,958,609,459,75.4,13,,,23,,,5,581,62,,41,22,0
Ezri Konsa,Aston Villa,eng ENG,DF,35,3069,1,0,19,5,26.3,5.26,,,1,2359,2094,1907,91.1,17,,,132,,,1,1535,37,,3,14,2
Emiliano Martínez,Aston Villa,ar ARG,GK,34,3015,0,0,0,0,,,,,7,1509,1436,1190,82.9,0,,,21,,,0,933,0,,0,0,0
John McGinn,Aston Villa,sct SCO,"MF,FW",35,2999,6,4,40,14,35.0,15.0,,,4,1545,1223,972,79.5,74,,,124,,,15,992,59,,10,52,14
Douglas Luiz,Aston Villa,br BRA,MF,35,2993,9,5,44,13,29.5,20.45,,,7,2351,2101,1800,85.7,115,,,137,,,11,1394,60,,4,39,8
Pau Torres,Aston Villa,es ESP,DF,29,2464,2,0,12,5,41.7,16.67,,,5,1985,1788,1562,87.4,8,,,141,,,1,1398,42,,0,12,1
Lucas Digne,Aston Villa,fr FRA,DF,33,2410,1,3,20,4,20.0,5.0,,,3,1590,1351,1015,75.1,154,,,49,,,0,840,42,,4,34,15
Moussa Diaby,Aston Villa,fr FRA,"FW,MF",38,2174,6,8,54,22,40.7,11.11,,,1,824,619,485,78.4,45,,,29,,,6,568,94,,39,40,9
Matty Cash,Aston Villa,pl POL,DF,29,2142,2,2,33,13,39.4,6.06,,,1,1497,1225,985,80.4,39,,,69,,,0,861,62,,18,19,8
Leon Bailey,Aston Villa,jm JAM,"MF,FW",35,2068,10,9,53,18,34.0,18.87,,,5,1040,790,573,72.5,75,,,38,,,11,717,102,,41,51,7
Diego Carlos,Aston Villa,br BRA,DF,27,1816,0,0,10,1,10.0,0.0,,,0,1517,1340,1184,88.4,1,,,72,,,0,1013,4,,1,4,0
Boubacar Kamara,Aston Villa,fr FRA,MF,20,1652,0,1,5,1,20.0,0.0,,,1,1195,1035,922,89.1,2,,,107,,,6,769,19,,1,12,0
Youri Tielemans,Aston Villa,be BEL,"MF,FW",32,1622,2,6,14,5,35.7,14.29,,,4,1096,949,789,83.1,31,,,101,,,17,635,23,,7,25,1
Clément Lenglet,Aston Villa,fr FRA,DF,14,1153,0,1,8,2,25.0,0.0,,,1,1018,918,822,89.5,3,,,34,,,0,728,26,,0,3,0
Álex Moreno,Aston Villa,es ESP,DF,21,1031,2,0,8,4,50.0,25.0,,,1,690,542,428,79.0,37,,,10,,,0,364,32,,10,13,2
Jacob Ramsey,Aston Villa,eng ENG,"FW,MF",16,853,1,1,19,4,21.1,5.26,,,0,433,322,257,79.8,11,,,22,,,3,272,33,,11,5,0
Nicolò Zaniolo,Aston Villa,it ITA,"FW,MF",25,839,2,0,27,10,37.0,7.41,,,1,402,228,150,65.8,18,,,17,,,0,268,35,,15,5,0
Morgan Rogers,Aston Villa,eng ENG,"MF,FW",11,638,3,1,11,5,45.5,27.27,,,3,289,195,147,75.4,2,,,16,,,2,150,22,,6,12,0
Jáder Durán,Aston Villa,co COL,"FW,MF",23,475,5,0,20,7,35.0,25.0,,,0,189,121,83,68.6,6,,,6,,,0,102,9,,5,1,0
Robin Olsen,Aston Villa,se SWE,GK,5,405,0,0,0,0,,,,,0,216,203,165,81.3,0,,,1,,,0,131,0,,0,0,0
Tim Iroegbunam,Aston Villa,eng ENG,MF,9,164,0,0,0,0,,,,,0,79,55,51,92.7,0,,,1,,,0,41,3,,0,0,0
Calum Chambers,Aston Villa,eng ENG,"MF,DF",5,152,0,1,0,0,,,,,0,129,113,100,88.5,0,,,2,,,0,78,0,,0,0,0
Leander Dendoncker,Aston Villa,be BEL,MF,8,119,1,0,2,1,50.0,50.0,,,0,80,56,45,80.4,0,,,1,,,0,36,0,,0,0,0
Omari Kellyman,Aston Villa,eng ENG,FW,2,37,0,0,1,0,0.0,0.0,,,0,11,7,6,85.7,0,,,2,,,0,4,1,,0,0,0
Tyrone Mings,Aston Villa,eng ENG,DF,1,30,0,0,1,0,0.0,0.0,,,0,8,5,5,100.0,0,,,1,,,1,4,0,,0,0,0
Philippe Coutinho,Aston Villa,br BRA,"MF,FW",2,25,0,0,3,1,33.3,0.0,,,0,30,24,20,83.3,0,,,4,,,0,26,5,,0,0,0
Bertrand Traoré,Aston Villa,bf BFA,"DF,FW",2,11,0,0,0,0,,,,,0,7,3,2,66.7,0,,,0,,,0,4,0,,0,0,0
Cameron Archer,Aston Villa,eng ENG,MF,1,6,0,0,0,0,,,,,0,7,6,5,83.3,0,,,0,,,1,5,1,,0,0,0
Kaine Kesler-Hayden,Aston Villa,eng ENG,"MF,DF",3,6,0,0,0,0,,,,,0,0,0,0,,0,,,0,,,0,0,0,,0,0,0
Finley Munroe,Aston Villa,eng ENG,MF,1,4,0,0,0,0,,,,,0,1,1,1,100.0,0,,,0,,,0,0,0,,0,0,0
Jaden Philogene Bidace,Aston Villa,eng ENG,FW,1,4,0,0,0,0,,,,,0,4,4,3,75.0,0,,,0,,,0,2,2,,1,0,0
Illia Zabarnyi,Bournemouth,ua UKR,DF,37,3330,1,0,8,2,25.0,12.5,,,1,2169,1805,1471,81.5,1,,,127,,,2,1303,24,,0,11,0
Dominic Solanke,Bournemouth,eng ENG,FW,38,3325,19,3,106,35,33.0,17.92,,,1,1069,544,400,73.5,6,,,32,,,1,599,52,,27,24,3
Ryan Christie,Bournemouth,sct SCO,MF,37,2907,0,5,43,13,30.2,0.0,,,5,1737,1300,988,76.0,73,,,118,,,17,933,60,,14,42,7
Neto,Bournemouth,br BRA,GK,32,2880,0,0,0,0,,,,,4,1138,1060,692,65.3,0,,,23,,,0,635,0,,0,0,0
Lewis Cook,Bournemouth,eng ENG,MF,33,2786,0,3,12,4,33.3,0.0,,,2,1773,1487,1135,76.3,132,,,138,,,2,786,22,,0,20,4
Marcos Senesi,Bournemouth,ar ARG,DF,31,2242,4,5,13,4,30.8,30.77,,,6,1614,1297,1005,77.5,25,,,156,,,4,910,31,,3,31,11
Adam Smith,Bournemouth,eng ENG,DF,28,2150,0,2,2,0,0.0,0.0,,,3,1229,1025,782,76.3,39,,,58,,,3,521,24,,3,23,17
Marcus Tavernier,Bournemouth,eng ENG,FW,30,2118,3,4,53,16,30.2,5.66,,,9,1246,920,658,71.5,116,,,46,,,3,693,79,,25,35,7
Antoine Semenyo,Bournemouth,gh GHA,FW,33,2105,8,2,70,30,42.9,11.43,,,4,1015,647,452,69.9,45,,,28,,,5,611,89,,42,28,7
Milos Kerkez,Bournemouth,hu HUN,DF,28,1970,0,1,16,5,31.3,0.0,,,2,1095,844,613,72.6,55,,,34,,,1,518,46,,8,14,9
Justin Kluivert,Bournemouth,nl NED,"MF,FW",32,1916,7,1,56,20,35.7,12.5,,,4,694,421,288,68.4,29,,,10,,,0,414,65,,35,24,2
Lloyd Kelly,Bournemouth,eng ENG,DF,23,1559,0,1,4,1,25.0,0.0,,,6,1065,906,673,74.3,21,,,76,,,1,540,15,,2,7,4
Philip Billing,Bournemouth,dk DEN,MF,29,1398,2,2,30,8,26.7,6.67,,,2,755,537,404,75.2,29,,,39,,,0,366,22,,6,15,4
Max Aarons,Bournemouth,eng ENG,DF,20,1237,0,1,2,0,0.0,0.0,,,1,711,581,450,77.5,13,,,25,,,2,364,22,,7,13,2
Dango Ouattara,Bournemouth,bf BFA,"FW,DF",30,1229,1,2,30,7,23.3,3.33,,,1,783,558,371,66.5,36,,,25,,,2,365,47,,18,11,5
Alex Scott,Bournemouth,eng ENG,MF,23,1014,1,1,15,3,20.0,6.67,,,2,612,474,361,76.2,36,,,22,,,2,330,24,,10,15,2
Luis Sinisterra,Bournemouth,co COL,"FW,MF",20,699,2,2,27,8,29.6,7.41,,,0,430,292,226,77.4,11,,,9,,,1,267,51,,35,16,1
Chris Mepham,Bournemouth,wls WAL,DF,10,617,0,1,1,1,100.0,0.0,,,1,434,359,296,82.5,1,,,34,,,0,235,4,,0,4,0
Joe Rothwell,Bournemouth,eng ENG,MF,11,386,0,0,2,0,0.0,0.0,,,2,251,216,179,82.9,12,,,20,,,0,140,6,,0,1,0
Mark Travers,Bournemouth,ie IRL,GK,4,360,0,0,0,0,,,,,0,131,118,67,56.8,0,,,5,,,0,70,0,,0,0,0
Enes Ünal,Bournemouth,tr TUR,"FW,MF",16,328,2,2,23,8,34.8,8.7,,,0,147,75,55,73.3,3,,,10,,,0,88,4,,1,2,0
David Brooks,Bournemouth,wls WAL,"FW,MF",13,282,1,1,13,5,38.5,7.69,,,0,177,132,95,72.0,15,,,14,,,1,102,8,,1,12,3
Ionuț Radu,Bournemouth,ro ROU,GK,2,180,0,0,0,0,,,,,0,70,68,56,82.4,0,,,0,,,0,51,0,,0,0,0
Jaidon Anthony,Bournemouth,eng ENG,FW,3,152,0,0,2,1,50.0,0.0,,,0,69,45,30,66.7,2,,,3,,,0,36,2,,0,1,0
Tyler Adams,Bournemouth,us USA,MF,3,121,0,0,0,0,,,,,0,91,71,59,83.1,1,,,9,,,0,44,4,,2,0,0
Kieffer Moore,Bournemouth,wls WAL,"FW,MF",8,108,1,0,6,2,33.3,16.67,,,0,53,42,28,66.7,2,,,2,,,0,29,2,,0,2,0
James Hill,Bournemouth,eng ENG,DF,5,76,0,0,0,0,,,,,0,62,42,28,66.7,0,,,6,,,0,18,0,,0,0,0
Hamed Junior Traorè,Bournemouth,ci CIV,MF,3,47,0,0,3,2,66.7,0.0,,,0,41,27,18,66.7,3,,,3,,,1,22,2,,1,0,0
Romain Faivre,Bournemouth,fr FRA,"MF,FW",5,41,0,0,2,0,0.0,0.0,,,0,37,26,19,73.1,3,,,2,,,0,24,4,,0,1,0
Dominic Sadi,Bournemouth,eng ENG,FW,1,1,0,0,0,0,,,,,0,2,1,0,0.0,0,,,0,,,0,1,0,,0,0,0
Mark Flekken,Brentford,nl NED,GK,37,3285,0,1,0,0,,,,,3,1658,1580,1131,71.6,0,,,37,,,0,930,0,,0,1,0
Vitaly Janelt,Brentford,de GER,"MF,DF",38,3054,1,3,21,7,33.3,4.76,,,4,1703,1398,1088,77.8,59,,,107,,,4,893,25,,3,32,15
Nathan Collins,Brentford,ie IRL,DF,32,2652,1,1,10,2,20.0,10.0,,,6,1879,1552,1261,81.3,4,,,78,,,2,999,11,,0,6,0
Ethan Pinnock,Brentford,jm JAM,DF,29,2521,2,0,19,4,21.1,10.53,,,3,1768,1432,1192,83.2,7,,,76,,,0,922,11,,1,5,0
Christian Nørgaard,Brentford,dk DEN,MF,31,2505,2,1,35,7,20.0,5.71,,,6,1846,1501,1199,79.9,22,,,113,,,8,873,15,,3,26,4
Yoane Wissa,Brentford,cd COD,FW,34,2493,12,3,67,24,35.8,17.91,,,1,751,462,327,70.8,21,,,26,,,3,422,45,,20,16,4
Mathias Jensen,Brentford,dk DEN,MF,32,2204,3,3,14,7,50.0,21.43,,,6,1440,1202,875,72.8,113,,,88,,,8,641,19,,3,41,11
Mads Roerslev,Brentford,dk DEN,DF,34,1985,1,2,7,1,14.3,14.29,,,4,966,742,496,66.8,62,,,32,,,1,448,18,,6,23,21
Bryan Mbeumo,Brentford,cm CMR,FW,25,1960,9,6,50,16,32.0,18.0,,,8,1045,765,511,66.8,92,,,32,,,15,667,74,,38,36,4
Kristoffer Ajer,Brentford,no NOR,DF,28,1832,2,1,12,4,33.3,16.67,,,1,1042,810,610,75.3,22,,,56,,,1,464,22,,5,10,3
Ivan Toney,Brentford,eng ENG,FW,17,1450,4,2,51,21,41.2,7.84,,,8,620,426,228,53.5,22,,,20,,,5,358,23,,13,18,5
Keane Lewis-Potter,Brentford,eng ENG,"FW,DF",30,1441,3,1,43,20,46.5,6.98,,,1,604,415,289,69.6,50,,,11,,,2,370,56,,24,14,4
Neal Maupay,Brentford,fr FRA,FW,29,1321,6,3,37,14,37.8,16.22,,,2,532,392,282,71.9,8,,,17,,,5,295,21,,12,17,2
Ben Mee,Brentford,eng ENG,DF,16,1272,2,0,10,2,20.0,20.0,,,1,829,667,511,76.6,5,,,45,,,0,388,11,,1,4,2
Frank Onyeka,Brentford,ng NGA,MF,26,1161,1,2,22,9,40.9,4.55,,,1,585,396,299,75.5,16,,,23,,,2,325,17,,4,11,5
Sergio Reguilón,Brentford,es ESP,DF,16,1118,0,4,13,1,7.7,0.0,,,3,708,522,351,67.2,72,,,17,,,1,318,34,,2,17,13
Mathias Jørgensen,Brentford,dk DEN,DF,14,1087,1,0,8,2,25.0,12.5,,,3,704,593,446,75.2,8,,,52,,,1,275,5,,0,9,1
Mikkel Damsgaard,Brentford,dk DEN,MF,23,842,0,2,9,4,44.4,0.0,,,2,555,432,300,69.4,29,,,50,,,10,316,16,,3,11,1
Saman Ghoddos,Brentford,ir IRN,DF,19,739,1,0,9,2,22.2,11.11,,,4,542,448,325,72.5,42,,,29,,,0,282,22,,2,10,4
Aaron Hickey,Brentford,sct SCO,DF,9,713,0,0,7,1,14.3,0.0,,,0,356,277,243,87.7,5,,,10,,,1,212,9,,1,2,0
Yehor Yarmoliuk,Brentford,ua UKR,MF,27,688,0,0,11,5,45.5,0.0,,,0,407,298,221,74.2,14,,,17,,,0,207,13,,2,10,1
Rico Henry,Brentford,eng ENG,DF,5,401,0,1,2,0,0.0,0.0,,,1,227,183,147,80.3,11,,,10,,,0,115,13,,3,7,2
Kevin Schade,Brentford,de GER,"FW,MF",11,333,2,1,8,4,50.0,25.0,,,2,148,95,58,61.1,5,,,8,,,1,84,8,,5,3,2
Shandon Baptiste,Brentford,gd GRN,MF,10,229,1,1,2,2,100.0,50.0,,,0,130,90,66,73.3,3,,,7,,,0,64,3,,0,3,2
Thomas Strakosha,Brentford,al ALB,GK,2,135,0,0,0,0,,,,,0,75,71,52,73.2,0,,,1,,,0,35,0,,0,0,0
Michael Olakigbe,Brentford,eng ENG,"DF,FW",8,59,0,0,3,0,0.0,0.0,,,0,70,40,27,67.5,7,,,2,,,0,42,10,,3,1,0
Josh Dasilva,Brentford,eng ENG,"DF,FW",3,24,0,0,0,0,,,,,0,26,19,10,52.6,6,,,0,,,0,17,2,,2,0,0
Myles Peart-Harris,Brentford,eng ENG,"DF,MF",3,13,0,0,0,0,,,,,0,11,10,6,60.0,1,,,1,,,0,8,2,,0,0,0
Pascal Groß,Brighton,de GER,"MF,DF",36,3114,4,10,54,18,33.3,7.41,,,11,3534,3223,2774,86.1,238,,,242,,,5,2284,83,,8,73,27
Lewis Dunk,Brighton,eng ENG,DF,33,2869,3,1,33,12,36.4,9.09,,,9,3481,3233,2977,92.1,7,,,204,,,2,2417,33,,2,8,1
Jan Paul van Hecke,Brighton,nl NED,DF,28,2369,0,0,15,6,40.0,0.0,,,6,2668,2415,2225,92.1,4,,,156,,,3,1918,25,,2,10,1
Simon Adingra,Brighton,ci CIV,FW,31,2222,6,1,52,22,42.3,11.54,,,2,1159,840,634,75.5,76,,,17,,,7,773,111,,63,33,11
Billy Gilmour,Brighton,sct SCO,MF,30,2120,0,1,25,5,20.0,0.0,,,7,2277,2107,1915,90.9,34,,,183,,,9,1410,39,,0,33,3
João Pedro,Brighton,br BRA,"FW,MF",31,2045,9,3,70,20,28.6,12.86,,,5,1196,818,659,80.6,29,,,43,,,6,787,83,,47,44,4
Bart Verbruggen,Brighton,nl NED,GK,21,1890,0,0,0,0,,,,,1,906,862,753,87.4,0,,,3,,,0,672,0,,0,0,0
Danny Welbeck,Brighton,eng ENG,"FW,MF",29,1693,5,1,41,16,39.0,12.2,,,4,727,515,423,82.1,3,,,23,,,4,443,32,,13,13,0
Igor,Brighton,br BRA,DF,24,1637,0,0,5,0,0.0,0.0,,,4,1651,1497,1398,93.4,1,,,123,,,2,1055,30,,0,2,0
Joël Veltman,Brighton,nl NED,DF,27,1588,1,1,5,3,60.0,20.0,,,2,1103,906,758,83.7,11,,,51,,,2,601,24,,0,8,0
Jason Steele,Brighton,eng ENG,GK,17,1530,0,0,0,0,,,,,2,711,673,570,84.7,0,,,3,,,0,490,0,,0,0,0
Kaoru Mitoma,Brighton,jp JPN,FW,19,1486,3,4,34,15,44.1,8.82,,,2,852,650,509,78.3,44,,,23,,,3,616,121,,62,34,5
Evan Ferguson,Brighton,ie IRL,FW,27,1367,6,0,33,20,60.6,18.18,,,2,448,303,244,80.5,1,,,11,,,1,286,13,,5,4,0
Facundo Buonanotte,Brighton,ar ARG,"FW,MF",27,1364,3,1,21,8,38.1,14.29,,,0,673,478,404,84.5,6,,,26,,,1,421,23,,8,14,1
Carlos Baleba,Brighton,cm CMR,MF,27,1325,0,0,21,5,23.8,0.0,,,2,965,775,713,92.0,0,,,38,,,0,571,19,,1,3,0
Pervis Estupiñán,Brighton,ec ECU,DF,19,1243,2,3,11,6,54.5,18.18,,,4,1109,962,809,84.1,65,,,66,,,1,693,47,,13,25,11
Adam Webster,Brighton,eng ENG,DF,15,1144,0,0,8,0,0.0,0.0,,,2,1201,1096,997,91.0,1,,,92,,,1,814,16,,0,4,0
Tariq Lamptey,Brighton,gh GHA,"DF,FW",19,914,0,3,6,0,0.0,0.0,,,3,545,454,379,83.5,31,,,6,,,0,354,39,,12,12,6
Jack Hinshelwood,Brighton,eng ENG,DF,12,869,3,0,14,8,57.1,21.43,,,0,590,498,418,83.9,10,,,24,,,0,331,16,,1,5,1
Adam Lallana,Brighton,eng ENG,"MF,FW",25,850,0,1,11,2,18.2,0.0,,,3,574,509,451,88.6,7,,,21,,,3,354,9,,4,16,1
James Milner,Brighton,eng ENG,"DF,MF",15,773,0,2,5,1,20.0,0.0,,,3,675,585,492,84.1,29,,,46,,,4,395,11,,4,17,6
Jakub Moder,Brighton,pl POL,"MF,DF",17,618,0,0,11,3,27.3,0.0,,,3,388,304,243,79.9,6,,,15,,,1,218,10,,2,3,0
Solly March,Brighton,eng ENG,"FW,DF",7,554,3,1,14,6,42.9,21.43,,,0,336,261,203,77.8,21,,,10,,,1,198,14,,3,7,0
Ansu Fati,Brighton,es ESP,"MF,FW",19,521,2,0,26,11,42.3,7.69,,,3,300,210,178,84.8,3,,,14,,,1,212,16,,9,7,0
Julio Enciso,Brighton,py PAR,"MF,FW",12,475,0,2,28,8,28.6,0.0,,,2,257,178,132,74.2,8,,,12,,,2,193,28,,7,4,2
Mahmoud Dahoud,Brighton,de GER,MF,9,452,0,1,6,1,16.7,0.0,,,0,368,328,284,86.6,3,,,21,,,1,239,4,,1,1,1
Valentín Barco,Brighton,ar ARG,"DF,FW",6,307,0,0,4,2,50.0,0.0,,,1,274,233,179,76.8,30,,,10,,,2,181,8,,0,3,0
Odeluga Offiah,Brighton,eng ENG,DF,4,128,0,0,0,0,,,,,1,87,80,63,78.8,3,,,1,,,0,59,9,,1,1,0
Mark O'Mahony,Brighton,ie IRL,FW,3,63,0,0,1,0,0.0,0.0,,,0,27,16,13,81.3,0,,,0,,,0,16,0,,0,0,0
Benicio Boaitey,Brighton,eng ENG,"FW,DF",5,40,0,0,1,0,0.0,0.0,,,0,30,20,13,65.0,0,,,0,,,0,19,1,,1,0,0
Sander Berge,Burnley,no NOR,MF,37,3005,1,2,25,3,12.0,4.0,,,2,1887,1562,1376,88.1,12,,,129,,,7,1076,64,,9,16,1
Dara O'Shea,Burnley,ie IRL,DF,33,2892,3,4,19,5,26.3,15.79,,,7,2094,1759,1393,79.2,11,,,139,,,3,1112,32,,1,6,3
James Trafford,Burnley,eng ENG,GK,28,2520,0,0,0,0,,,,,11,1631,1541,1009,65.5,0,,,24,,,1,1009,0,,0,1,0
Charlie Taylor,Burnley,eng ENG,DF,28,2331,1,1,10,1,10.0,10.0,,,7,1542,1312,995,75.8,71,,,69,,,0,723,36,,5,19,14
Vitinho,Burnley,br BRA,"DF,MF",32,2314,0,2,25,4,16.0,0.0,,,4,1299,994,715,71.9,56,,,56,,,4,634,59,,18,19,4
Josh Brownhill,Burnley,eng ENG,MF,33,2252,4,2,28,11,39.3,14.29,,,5,1351,1106,850,76.9,57,,,71,,,4,551,19,,3,16,0
Wilson Odobert,Burnley,fr FRA,"MF,FW",29,2098,3,2,49,14,28.6,6.12,,,2,844,584,446,76.4,35,,,34,,,3,545,102,,48,19,5
Josh Cullen,Burnley,ie IRL,MF,25,2057,2,3,16,5,31.3,12.5,,,5,1555,1373,1173,85.4,26,,,119,,,5,848,22,,2,17,3
Zeki Amdouni,Burnley,ch SUI,FW,34,1953,5,1,48,21,43.8,10.42,,,4,789,500,396,79.2,8,,,28,,,7,468,63,,20,9,0
Lyle Foster,Burnley,za RSA,"FW,MF",24,1899,5,3,34,16,47.1,14.71,,,2,692,461,312,67.7,3,,,21,,,3,380,55,,36,12,0
Maxime Estève,Burnley,fr FRA,DF,16,1309,0,0,7,0,0.0,0.0,,,1,979,821,690,84.0,5,,,41,,,1,514,15,,2,0,0
Jacob Bruun Larsen,Burnley,dk DEN,"MF,FW",32,1249,6,0,43,14,32.6,13.95,,,2,720,526,378,71.9,62,,,12,,,1,398,61,,33,13,2
Lorenz Assignon,Burnley,tg TOG,DF,15,1234,1,2,9,4,44.4,11.11,,,3,670,485,352,72.6,29,,,16,,,0,283,38,,12,10,5
Jordan Beyer,Burnley,de GER,DF,15,1234,0,1,5,0,0.0,0.0,,,2,1022,861,766,89.0,0,,,28,,,1,624,9,,0,1,0
Jóhann Berg Guðmundsson,Burnley,is ISL,"MF,FW",26,1192,1,3,15,6,40.0,6.67,,,2,656,544,396,72.8,70,,,36,,,4,371,13,,2,18,6
Ameen Al-Dakhil,Burnley,be BEL,DF,13,1056,1,0,8,3,37.5,12.5,,,2,749,637,537,84.3,3,,,13,,,2,491,7,,0,2,0
Luca Koleosho,Burnley,it ITA,"MF,FW",15,974,1,1,23,5,21.7,4.35,,,1,416,274,192,70.1,23,,,9,,,0,299,53,,29,6,2
Arijanet Muric,Burnley,xk KVX,GK,10,900,0,0,0,0,,,,,5,635,585,404,69.1,0,,,16,,,0,418,0,,0,1,0
David Datro Fofana,Burnley,ci CIV,FW,15,879,4,1,19,10,52.6,21.05,,,2,307,173,117,67.6,3,,,9,,,1,187,21,,11,5,1
Connor Roberts,Burnley,wls WAL,DF,14,823,0,1,0,0,,,,,2,557,495,395,79.8,10,,,32,,,0,309,6,,0,8,2
Jay Rodriguez,Burnley,eng ENG,FW,21,822,2,1,21,7,33.3,9.52,,,0,314,216,142,65.7,1,,,16,,,1,152,2,,1,2,0
Hannes Delcroix,Burnley,ht HAI,DF,12,589,0,0,4,2,50.0,0.0,,,1,419,350,300,85.7,5,,,24,,,0,241,2,,0,3,2
Aaron Ramsey,Burnley,eng ENG,"MF,FW",14,527,0,0,6,2,33.3,0.0,,,1,228,151,118,78.1,2,,,7,,,1,117,8,,4,2,0
Hjalmar Ekdal,Burnley,se SWE,DF,8,437,0,0,2,1,50.0,0.0,,,0,268,217,191,88.0,0,,,8,,,0,142,5,,0,0,0
Mike Trésor,Burnley,be BEL,"FW,MF",16,420,0,0,5,0,0.0,0.0,,,0,238,180,120,66.7,32,,,6,,,0,136,15,,3,2,0
Anass Zaroury,Burnley,ma MAR,"FW,MF",6,152,0,0,3,1,33.3,0.0,,,0,87,70,43,61.4,11,,,2,,,0,60,2,,0,2,1
Nathan Redmond,Burnley,eng ENG,"FW,MF",12,142,0,0,0,0,,,,,2,88,73,48,65.8,3,,,3,,,0,57,7,,1,4,1
Benson Manuel,Burnley,ao ANG,"MF,FW",8,116,0,0,4,2,50.0,0.0,,,1,82,59,48,81.4,9,,,2,,,0,63,5,,0,3,2
Jack Cork,Burnley,eng ENG,MF,4,27,0,0,0,0,,,,,0,37,33,25,75.8,1,,,5,,,0,24,4,,0,0,0
Michael Obafemi,Burnley,ie IRL,"FW,MF",2,20,0,0,2,0,0.0,0.0,,,0,9,5,4,80.0,0,,,0,,,0,6,0,,0,0,0
Han-Noah Massengo,Burnley,fr FRA,"MF,DF",3,16,0,0,0,0,,,,,0,16,12,6,50.0,2,,,1,,,0,6,2,,0,0,0
Conor Gallagher,Chelsea,eng ENG,MF,37,3128,5,7,48,17,35.4,10.42,,,7,2443,2018,1801,89.2,64,,,135,,,5,1453,62,,14,32,4
Moisés Caicedo,Chelsea,ec ECU,MF,35,2866,1,3,13,4,30.8,7.69,,,9,2452,2119,1907,90.0,10,,,176,,,12,1378,27,,1,20,0
Nicolas Jackson,Chelsea,sn SEN,FW,35,2799,14,5,80,38,47.5,17.5,,,1,998,666,515,77.3,5,,,40,,,11,616,70,,32,21,0
Cole Palmer,Chelsea,eng ENG,"FW,MF",33,2607,22,11,100,37,37.0,22.0,,,10,1754,1415,1121,79.2,81,,,136,,,27,1148,117,,46,69,5
Axel Disasi,Chelsea,fr FRA,DF,31,2579,2,0,16,4,25.0,12.5,,,5,2496,2256,2031,90.0,10,,,115,,,3,1613,30,,3,8,1
Thiago Silva,Chelsea,br BRA,DF,31,2527,3,1,14,4,28.6,21.43,,,1,2549,2287,2166,94.7,4,,,125,,,0,1623,2,,0,10,1
Enzo Fernández,Chelsea,ar ARG,MF,28,2209,3,2,45,13,28.9,6.67,,,17,2128,1862,1574,84.5,45,,,177,,,21,1315,52,,8,43,4
Đorđe Petrović,Chelsea,rs SRB,GK,23,1987,0,0,0,0,,,,,2,855,806,635,78.8,0,,,3,,,0,482,0,,0,0,0
Raheem Sterling,Chelsea,eng ENG,"FW,MF",31,1978,8,4,51,21,41.2,15.69,,,5,1019,728,538,73.9,59,,,31,,,11,744,120,,65,35,7
Levi Colwill,Chelsea,eng ENG,DF,23,1797,1,1,11,3,27.3,9.09,,,4,1392,1163,965,83.0,12,,,82,,,4,766,23,,2,6,0
Marc Cucurella,Chelsea,es ESP,DF,21,1782,0,2,8,4,50.0,0.0,,,0,1426,1196,1036,86.6,16,,,51,,,1,657,31,,3,7,4
Malo Gusto,Chelsea,fr FRA,DF,27,1751,0,6,15,5,33.3,0.0,,,3,1641,1423,1230,86.4,64,,,49,,,2,972,78,,16,29,13
Mykhailo Mudryk,Chelsea,ua UKR,FW,31,1576,5,2,35,12,34.3,14.29,,,6,777,566,385,68.0,78,,,24,,,5,509,92,,36,22,4
Robert Sánchez,Chelsea,es ESP,GK,16,1433,0,0,0,0,,,,,2,649,609,500,82.1,0,,,8,,,0,392,0,,0,0,0
Benoît Badiashile,Chelsea,fr FRA,DF,18,1338,0,1,6,1,16.7,0.0,,,0,1321,1173,1065,90.8,2,,,48,,,1,765,3,,1,4,0
Noni Madueke,Chelsea,eng ENG,FW,23,1053,5,2,31,12,38.7,16.13,,,4,666,486,412,84.8,22,,,23,,,2,428,76,,38,13,2
Trevoh Chalobah,Chelsea,eng ENG,DF,13,952,1,0,2,2,100.0,50.0,,,1,886,783,700,89.4,0,,,30,,,1,475,5,,2,2,0
Ben Chilwell,Chelsea,eng ENG,DF,13,756,0,1,12,4,33.3,0.0,,,6,605,495,373,75.4,43,,,29,,,0,333,22,,5,2,2
Armando Broja,Chelsea,al ALB,FW,13,454,1,0,13,2,15.4,7.69,,,0,167,94,83,88.3,1,,,2,,,0,117,11,,8,2,0
Christopher Nkunku,Chelsea,fr FRA,"FW,MF",11,443,3,0,16,7,43.8,18.75,,,1,244,183,159,86.9,4,,,14,,,3,144,10,,2,7,0
Reece James,Chelsea,eng ENG,DF,10,419,0,2,7,1,14.3,0.0,,,0,391,341,275,80.6,28,,,21,,,4,217,19,,3,6,3
Lesley Ugochukwu,Chelsea,fr FRA,MF,12,301,0,0,0,0,,,,,0,214,183,155,84.7,0,,,11,,,0,128,8,,2,5,0
Carney Chukwuemeka,Chelsea,eng ENG,"MF,FW",9,227,1,1,3,2,66.7,33.33,,,0,167,134,115,85.8,1,,,4,,,2,107,4,,2,6,0
Ian Maatsen,Chelsea,nl NED,"FW,MF",12,209,0,0,5,0,0.0,0.0,,,0,179,138,97,70.3,8,,,6,,,1,100,9,,2,2,1
Alfie Gilchrist,Chelsea,eng ENG,DF,11,207,1,0,5,1,20.0,20.0,,,1,177,141,121,85.8,1,,,5,,,0,78,1,,0,1,0
Cesare Casadei,Chelsea,it ITA,"FW,MF",11,79,0,0,0,0,,,,,0,81,65,53,81.5,0,,,2,,,0,36,1,,0,0,0
Roméo Lavia,Chelsea,be BEL,MF,1,33,0,0,0,0,,,,,0,30,27,22,81.5,0,,,4,,,0,22,0,,0,0,0
Deivid Washington,Chelsea,br BRA,"DF,FW",2,13,0,0,1,0,0.0,0.0,,,0,5,1,1,100.0,0,,,0,,,0,2,0,,0,0,0
Mason Burstow,Chelsea,eng ENG,FW,2,9,0,0,0,0,,,,,0,6,4,3,75.0,0,,,0,,,0,2,0,,0,0,0
Joshua Acheampong,Chelsea,eng ENG,DF,1,6,0,0,0,0,,,,,0,6,2,1,50.0,0,,,0,,,0,1,0,,0,0,0
Alex Matos,Chelsea,eng ENG,MF,1,1,0,0,0,0,,,,,0,0,0,0,,0,,,0,,,0,1,0,,0,0,0
Jimi Tauriainen,Chelsea,eng ENG,FW,1,1,0,0,0,0,,,,,0,1,0,0,,0,,,0,,,0,0,0,,0,0,0
Joachim Andersen,Crystal Palace,dk DEN,DF,38,3415,2,3,21,8,38.1,9.52,,,15,2609,2209,1731,78.4,31,,,171,,,7,1367,21,,0,17,8
Tyrick Mitchell,Crystal Palace,eng ENG,"DF,MF",37,3204,2,3,12,4,33.3,16.67,,,4,2038,1627,1177,72.3,69,,,74,,,1,818,32,,9,29,12
Jordan Ayew,Crystal Palace,gh GHA,"FW,MF",35,2543,4,7,48,19,39.6,8.33,,,2,1349,920,681,74.0,97,,,43,,,4,836,74,,20,26,10
Jefferson Lerma,Crystal Palace,co COL,"MF,DF",28,2400,1,1,34,9,26.5,2.94,,,5,1513,1250,1018,81.4,14,,,109,,,8,735,14,,2,20,3
Jean-Philippe Mateta,Crystal Palace,fr FRA,FW,35,2282,16,5,44,25,56.8,36.36,,,0,725,433,309,71.4,20,,,11,,,1,427,29,,14,14,4
Chris Richards,Crystal Palace,us USA,"DF,MF",26,2094,1,1,11,3,27.3,9.09,,,3,1195,942,778,82.6,1,,,41,,,1,574,1,,0,2,0
Eberechi Eze,Crystal Palace,eng ENG,"MF,FW",27,2055,11,4,82,33,40.2,13.41,,,6,1274,909,700,77.0,107,,,48,,,7,789,68,,43,45,7
Marc Guéhi,Crystal Palace,eng ENG,DF,25,2021,0,1,5,0,0.0,0.0,,,2,1501,1309,1138,86.9,3,,,90,,,1,898,15,,1,5,0
Joel Ward,Crystal Palace,eng ENG,DF,26,1980,0,1,10,0,0.0,0.0,,,1,1167,944,715,75.7,22,,,68,,,1,490,16,,0,7,3
Will Hughes,Crystal Palace,eng ENG,MF,30,1891,0,1,8,3,37.5,0.0,,,1,1094,878,731,83.3,30,,,71,,,2,463,14,,0,16,2
Sam Johnstone,Crystal Palace,eng ENG,GK,20,1796,0,0,0,0,,,,,5,640,599,343,57.3,0,,,13,,,0,350,0,,0,0,0
Dean Henderson,Crystal Palace,eng ENG,GK,18,1620,0,0,0,0,,,,,3,536,485,280,57.7,0,,,9,,,0,284,0,,0,1,0
Odsonne Édouard,Crystal Palace,fr FRA,"FW,MF",30,1555,7,0,51,19,37.3,13.73,,,3,597,350,249,71.1,10,,,12,,,4,341,33,,25,15,1
Daniel Muñoz,Crystal Palace,co COL,"DF,MF",16,1439,0,4,8,0,0.0,0.0,,,2,947,720,561,77.9,11,,,25,,,0,385,25,,5,4,0
Jeffrey Schlupp,Crystal Palace,gh GHA,"FW,MF",29,1352,2,2,19,11,57.9,10.53,,,1,536,334,247,74.0,10,,,17,,,0,288,20,,6,9,2
Nathaniel Clyne,Crystal Palace,eng ENG,DF,19,1338,0,0,4,0,0.0,0.0,,,3,722,600,495,82.5,9,,,33,,,0,326,10,,1,4,2
Adam Wharton,Crystal Palace,eng ENG,MF,16,1297,0,3,10,1,10.0,0.0,,,9,742,596,464,77.9,25,,,51,,,3,346,14,,0,16,3
Michael Olise,Crystal Palace,fr FRA,"FW,MF",19,1275,10,6,56,20,35.7,17.86,,,5,959,721,540,74.9,97,,,43,,,7,563,68,,27,34,3
Cheick Doucouré,Crystal Palace,ml MLI,MF,11,919,0,0,6,2,33.3,0.0,,,0,545,422,367,87.0,1,,,39,,,5,276,9,,1,5,0
Naouirou Ahamada,Crystal Palace,fr FRA,"MF,FW",20,349,0,0,9,2,22.2,0.0,,,0,240,187,150,80.2,6,,,12,,,0,150,19,,4,0,0
Jaïro Riedewald,Crystal Palace,nl NED,"MF,FW",9,235,0,0,1,0,0.0,0.0,,,2,138,113,87,77.0,3,,,5,,,0,63,3,,2,2,0
Matheus França,Crystal Palace,br BRA,"MF,FW",10,232,0,1,8,2,25.0,0.0,,,0,119,79,51,64.6,14,,,4,,,0,81,12,,5,2,0
David Ozoh,Crystal Palace,eng ENG,"MF,DF",9,156,0,0,0,0,,,,,0,73,51,48,94.1,0,,,3,,,0,37,2,,0,0,0
Jesurun Rak Sakyi,Crystal Palace,eng ENG,"MF,FW",6,136,0,0,5,1,20.0,0.0,,,0,77,50,37,74.0,3,,,2,,,0,46,7,,5,0,0
James Tomkins,Crystal Palace,eng ENG,DF,4,10,0,0,0,0,,,,,0,25,21,18,85.7,0,,,1,,,0,8,0,,0,0,0
Remi Matthews,Crystal Palace,eng ENG,GK,1,4,0,0,0,0,,,,,0,6,5,0,0.0,0,,,0,,,0,2,0,,0,0,0
Jordan Pickford,Everton,eng ENG,GK,38,3420,0,0,0,0,,,,,6,1680,1576,986,62.6,0,,,97,,,1,904,1,,0,8,0
James Tarkowski,Everton,eng ENG,DF,38,3419,1,1,25,4,16.0,4.0,,,13,2014,1550,1195,77.1,6,,,127,,,1,918,15,,0,23,3
Jarrad Branthwaite,Everton,eng ENG,DF,35,3116,3,0,14,4,28.6,21.43,,,6,1791,1385,1105,79.8,1,,,60,,,0,759,2,,1,1,0
James Garner,Everton,eng ENG,MF,37,3004,1,2,41,10,24.4,2.44,,,7,1610,1244,958,77.0,112,,,98,,,4,736,36,,5,24,6
Dwight McNeil,Everton,eng ENG,"MF,FW",35,2892,3,6,57,14,24.6,5.26,,,10,1621,1266,874,69.0,229,,,72,,,14,905,80,,14,54,20
Abdoulaye Doucouré,Everton,ml MLI,"FW,MF",32,2629,7,1,47,21,44.7,14.89,,,1,1190,893,683,76.5,26,,,43,,,1,635,55,,17,18,1
Vitaliy Mykolenko,Everton,ua UKR,DF,28,2469,2,0,26,5,19.2,7.69,,,3,1501,1166,869,74.5,56,,,46,,,2,608,14,,0,17,10
Ashley Young,Everton,eng ENG,"DF,MF",31,2280,0,0,13,2,15.4,0.0,,,9,1284,1052,723,68.7,100,,,62,,,2,609,40,,5,22,11
Jack Harrison,Everton,eng ENG,"MF,FW",29,2214,3,3,34,9,26.5,8.82,,,6,935,631,409,64.8,81,,,37,,,4,539,65,,14,34,11
Dominic Calvert-Lewin,Everton,eng ENG,FW,32,2171,7,2,71,28,39.4,9.86,,,2,738,440,248,56.4,3,,,13,,,1,357,36,,22,12,0
Amadou Onana,Everton,be BEL,MF,30,2091,2,0,29,6,20.7,6.9,,,9,1291,1036,871,84.1,3,,,102,,,6,657,21,,5,14,1
Idrissa Gana Gueye,Everton,sn SEN,MF,25,1884,4,0,26,7,26.9,15.38,,,3,1126,898,758,84.4,11,,,70,,,2,592,29,,2,9,1
Ben Godfrey,Everton,eng ENG,DF,15,1120,0,0,15,3,20.0,0.0,,,3,655,484,336,69.4,21,,,32,,,0,233,11,,0,6,2
Nathan Patterson,Everton,sct SCO,DF,20,1005,0,2,4,0,0.0,0.0,,,1,677,550,393,71.5,32,,,30,,,1,291,17,,4,14,6
Beto,Everton,gw GNB,FW,30,951,3,0,42,12,28.6,7.14,,,0,373,180,108,60.0,5,,,7,,,1,183,14,,13,6,0
Séamus Coleman,Everton,ie IRL,DF,12,665,0,0,0,0,,,,,4,388,306,207,67.6,13,,,15,,,0,162,5,,1,4,2
Arnaut Danjuma,Everton,nl NED,"MF,FW",14,595,1,0,25,9,36.0,4.0,,,0,223,152,102,67.1,10,,,6,,,1,147,24,,11,2,0
André Gomes,Everton,pt POR,"MF,FW",12,508,1,0,8,4,50.0,12.5,,,2,352,291,223,76.6,26,,,24,,,4,183,8,,3,6,1
Michael Keane,Everton,eng ENG,DF,9,439,1,0,6,4,66.7,16.67,,,1,270,221,171,77.4,0,,,15,,,0,154,4,,0,0,0
Lewis Dobbin,Everton,eng ENG,MF,12,232,1,0,5,2,40.0,20.0,,,2,127,65,44,67.7,7,,,0,,,0,89,6,,4,3,1
Youssef Chermiti,Everton,pt POR,FW,18,208,0,0,7,2,28.6,0.0,,,0,106,58,35,60.3,0,,,1,,,0,55,5,,3,4,0
Alex Iwobi,Everton,ng NGA,MF,2,140,0,0,4,2,50.0,0.0,,,1,58,42,27,64.3,10,,,1,,,0,33,6,,2,3,1
Neal Maupay,Everton,fr FRA,FW,2,111,0,0,5,4,80.0,0.0,,,0,40,26,22,84.6,0,,,0,,,0,20,1,,1,0,0
Thomas Cannon,Everton,ie IRL,FW,1,1,0,0,0,0,,,,,0,0,0,0,,0,,,0,,,0,0,0,,0,0,0
Tyler Onyango,Everton,eng ENG,MF,1,1,0,0,0,0,,,,,0,0,0,0,,0,,,0,,,0,0,0,,0,0,0
Lewis Warrington,Everton,eng ENG,FW,1,1,0,0,0,0,,,,,0,3,2,2,100.0,0,,,0,,,0,1,0,,0,0,0
Bernd Leno,Fulham,de GER,GK,38,3420,0,0,0,0,,,,,4,1657,1577,1250,79.3,0,,,23,,,0,1031,0,,0,0,0
Antonee Robinson,Fulham,us USA,DF,37,3265,0,6,16,7,43.8,0.0,,,4,2536,2054,1514,73.7,132,,,113,,,1,1267,99,,9,46,26
João Palhinha,Fulham,pt POR,MF,33,2699,4,1,45,14,31.1,8.89,,,6,1760,1333,1098,82.4,5,,,96,,,6,802,8,,0,7,1
Timothy Castagne,Fulham,be BEL,DF,34,2634,1,3,14,4,28.6,7.14,,,3,1937,1662,1350,81.2,50,,,74,,,2,879,48,,6,17,8
Andreas Pereira,Fulham,br BRA,MF,37,2613,3,7,52,16,30.8,5.77,,,5,1516,1295,912,70.4,220,,,95,,,14,829,56,,13,34,11
Calvin Bassey,Fulham,ng NGA,DF,29,2303,1,0,5,1,20.0,20.0,,,1,1901,1674,1440,86.0,3,,,80,,,0,1179,15,,2,2,0
Alex Iwobi,Fulham,ng NGA,"FW,MF",30,2192,5,2,51,18,35.3,9.8,,,1,1282,1051,821,78.1,60,,,84,,,6,866,109,,27,46,8
Willian,Fulham,br BRA,FW,31,2053,4,2,43,16,37.2,9.3,,,5,1333,1145,932,81.4,75,,,59,,,8,902,92,,28,69,9
Harry Wilson,Fulham,wls WAL,FW,35,1620,4,6,40,13,32.5,10.0,,,3,828,632,478,75.6,42,,,34,,,3,505,41,,17,26,7
Tosin Adarabioyo,Fulham,eng ENG,DF,20,1617,2,0,14,5,35.7,14.29,,,2,1390,1216,1028,84.5,1,,,47,,,1,817,10,,1,2,0
Rodrigo Muniz,Fulham,br BRA,FW,26,1593,9,1,73,26,35.6,12.33,,,1,462,222,136,61.3,2,,,14,,,1,257,8,,4,7,0
Tim Ream,Fulham,us USA,DF,18,1503,1,0,1,1,100.0,100.0,,,1,1206,1060,944,89.1,1,,,78,,,0,739,11,,2,1,0
Tom Cairney,Fulham,sct SCO,MF,34,1488,1,4,17,8,47.1,5.88,,,6,1398,1272,1126,88.5,25,,,84,,,2,931,35,,6,25,4
Issa Diop,Fulham,fr FRA,DF,18,1424,0,0,5,1,20.0,0.0,,,2,1258,1080,950,88.0,0,,,60,,,1,794,11,,0,3,0
Bobby De Cordova-Reid,Fulham,jm JAM,FW,33,1423,6,2,33,8,24.2,18.18,,,1,671,487,364,74.7,35,,,25,,,2,389,35,,11,17,5
Raúl Jiménez,Fulham,mx MEX,FW,24,1395,7,0,41,17,41.5,17.07,,,1,567,382,262,68.6,7,,,23,,,4,317,11,,5,11,2
Harrison Reed,Fulham,eng ENG,MF,27,1325,0,2,9,2,22.2,0.0,,,0,883,748,627,83.8,19,,,40,,,2,449,10,,1,15,2
Saša Lukić,Fulham,rs SRB,MF,24,1122,1,0,13,3,23.1,7.69,,,3,625,496,428,86.3,4,,,31,,,4,342,12,,1,5,0
Kenny Tete,Fulham,nl NED,DF,14,867,1,0,4,1,25.0,25.0,,,1,647,523,418,79.9,23,,,45,,,1,303,20,,2,10,7
Adama Traoré,Fulham,es ESP,"FW,MF",17,377,2,3,11,7,63.6,18.18,,,0,194,139,97,69.8,26,,,3,,,0,134,29,,13,9,4
Carlos Vinícius,Fulham,br BRA,FW,13,315,2,0,9,5,55.6,22.22,,,0,102,62,46,74.2,1,,,1,,,0,66,3,,2,0,0
Armando Broja,Fulham,al ALB,FW,8,88,0,1,0,0,,,,,0,43,27,19,70.4,1,,,4,,,0,23,2,,0,1,0
Luke Harris,Fulham,wls WAL,MF,1,75,0,0,1,1,100.0,0.0,,,0,19,14,11,78.6,0,,,0,,,0,9,0,,0,1,0
Fodé Ballo-Touré,Fulham,sn SEN,"DF,MF",6,71,0,0,0,0,,,,,1,91,78,56,71.8,4,,,3,,,0,48,5,,1,0,0
Aleksandar Mitrović,Fulham,rs SRB,FW,1,33,0,0,2,1,50.0,0.0,,,0,12,8,4,50.0,0,,,1,,,0,5,0,,0,1,0
Virgil van Dijk,Liverpool,nl NED,DF,36,3177,2,2,45,14,31.1,4.44,,,2,3235,2887,2640,91.4,0,,,213,,,0,1981,32,,0,10,0
Luis Díaz,Liverpool,co COL,FW,37,2629,8,5,94,32,34.0,8.51,,,6,1453,1075,898,83.5,26,,,62,,,4,1017,137,,70,45,3
Alexis Mac Allister,Liverpool,ar ARG,MF,33,2599,5,5,43,8,18.6,11.63,,,6,2313,1967,1704,86.6,32,,,162,,,14,1346,44,,4,41,2
Mohamed Salah,Liverpool,eg EGY,FW,32,2534,18,10,107,47,43.9,16.82,,,14,1359,1010,737,73.0,41,,,56,,,18,977,98,,66,68,6
Alisson,Liverpool,br BRA,GK,28,2520,0,0,0,0,,,,,5,1196,1142,985,86.3,0,,,8,,,0,850,0,,0,0,0
Trent Alexander-Arnold,Liverpool,eng ENG,DF,28,2155,3,4,47,8,17.0,6.38,,,11,2296,2062,1553,75.3,168,,,202,,,22,1250,45,,7,57,18
Dominik Szoboszlai,Liverpool,hu HUN,MF,33,2104,3,2,60,15,25.0,5.0,,,7,1802,1550,1280,82.6,113,,,98,,,3,1043,75,,22,33,6
Darwin Núñez,Liverpool,uy URU,FW,36,2047,11,8,107,46,43.0,10.28,,,4,777,493,341,69.2,19,,,23,,,6,468,58,,36,26,0
Joe Gomez,Liverpool,eng ENG,DF,32,1786,0,1,19,2,10.5,0.0,,,4,1564,1345,1114,82.8,39,,,83,,,3,891,44,,3,20,7
Wataru Endo,Liverpool,jp JPN,MF,29,1722,1,0,10,3,30.0,10.0,,,4,1514,1315,1157,88.0,4,,,109,,,5,890,10,,2,18,2
Andrew Robertson,Liverpool,sct SCO,DF,23,1693,3,2,12,6,50.0,25.0,,,10,1713,1547,1248,80.7,184,,,118,,,0,979,63,,6,26,12
Cody Gakpo,Liverpool,nl NED,"FW,MF",35,1649,8,5,66,24,36.4,12.12,,,2,809,564,436,77.3,21,,,43,,,1,549,43,,13,32,5
Ibrahima Konaté,Liverpool,fr FRA,DF,22,1574,0,0,11,2,18.2,0.0,,,2,1622,1463,1286,87.9,1,,,145,,,5,1081,24,,0,8,0
Harvey Elliott,Liverpool,eng ENG,"MF,FW",34,1352,3,6,49,16,32.7,6.12,,,10,1141,986,825,83.7,62,,,76,,,3,722,44,,9,45,11
Jarell Quansah,Liverpool,eng ENG,DF,17,1190,2,0,6,4,66.7,33.33,,,3,1284,1172,1038,88.6,0,,,69,,,1,894,13,,0,1,0
Curtis Jones,Liverpool,eng ENG,MF,23,1167,1,1,19,5,26.3,5.26,,,2,915,776,707,91.1,4,,,64,,,4,624,31,,7,14,1
Diogo Jota,Liverpool,pt POR,FW,21,1145,10,3,41,19,46.3,24.39,,,0,594,394,287,72.8,9,,,18,,,5,350,54,,23,12,0
Ryan Gravenberch,Liverpool,nl NED,MF,26,1121,1,0,23,8,34.8,4.35,,,3,696,504,415,82.3,4,,,35,,,4,432,39,,10,27,0
Caoimhín Kelleher,Liverpool,ie IRL,GK,10,900,0,0,0,0,,,,,3,457,442,359,81.2,0,,,9,,,0,367,0,,0,0,0
Joël Matip,Liverpool,cm CMR,DF,10,781,0,0,5,0,0.0,0.0,,,1,665,564,494,87.6,0,,,27,,,0,421,8,,0,2,0
Conor Bradley,Liverpool,nir NIR,DF,11,753,1,3,12,4,33.3,8.33,,,0,661,530,419,79.1,18,,,27,,,3,373,35,,12,13,3
Kostas Tsimikas,Liverpool,gr GRE,DF,13,679,0,3,3,0,0.0,0.0,,,1,573,500,383,76.6,72,,,16,,,0,310,24,,3,7,4
Bobby Clark,Liverpool,eng ENG,MF,5,89,0,0,2,0,0.0,0.0,,,0,70,49,38,77.6,0,,,3,,,0,45,3,,2,0,0
Stefan Bajcetic,Liverpool,es ESP,MF,1,26,0,0,0,0,,,,,0,12,10,7,70.0,0,,,0,,,0,9,0,,0,0,0
Ben Gannon-Doak,Liverpool,sct SCO,FW,1,14,0,0,0,0,,,,,0,6,4,4,100.0,0,,,0,,,0,4,0,,0,0,0
Jayden Danns,Liverpool,eng ENG,FW,2,9,0,0,0,0,,,,,0,7,7,5,71.4,0,,,0,,,1,3,0,,0,1,0
Owen Beck,Liverpool,wls WAL,DF,1,8,0,0,0,0,,,,,0,8,4,3,75.0,0,,,0,,,0,4,0,,0,0,0
Thiago Alcántara,Liverpool,es ESP,MF,1,6,0,0,0,0,,,,,0,10,10,7,70.0,0,,,0,,,0,9,0,,0,0,0
James McConnell,Liverpool,eng ENG,MF,3,4,0,0,0,0,,,,,0,10,6,5,83.3,0,,,0,,,0,5,0,,0,0,0
Kaide Gordon,Liverpool,eng ENG,FW,1,1,0,0,0,0,,,,,0,2,1,1,100.0,0,,,0,,,0,0,0,,0,0,0
Thomas Kaminski,Luton Town,be BEL,GK,38,3405,0,0,0,0,,,,,6,1580,1468,869,59.2,0,,,44,,,0,805,0,,0,2,0
Alfie Doughty,Luton Town,eng ENG,DF,37,2925,2,8,26,8,30.8,7.69,,,7,1998,1686,1121,66.5,340,,,71,,,0,897,94,,28,43,24
Carlton Morris,Luton Town,eng ENG,"FW,MF",38,2862,11,4,66,26,39.4,16.67,,,13,1071,751,484,64.4,15,,,27,,,0,548,37,,18,11,0
Ross Barkley,Luton Town,eng ENG,MF,32,2618,5,4,66,19,28.8,7.58,,,6,1777,1474,1218,82.6,45,,,138,,,4,1006,48,,4,27,1
Teden Mengi,Luton Town,eng ENG,DF,30,2469,1,0,11,4,36.4,9.09,,,4,1288,938,728,77.6,2,,,62,,,1,596,15,,2,5,0
Chiedozie Ogbene,Luton Town,ie IRL,"MF,DF",30,1995,4,1,35,14,40.0,11.43,,,2,1066,790,589,74.6,79,,,24,,,0,650,127,,45,18,5
Tahith Chong,Luton Town,cw CUW,"MF,FW",33,1982,4,0,31,7,22.6,12.9,,,4,819,550,428,77.8,35,,,35,,,5,520,57,,9,20,8
Gabriel Osho,Luton Town,ng NGA,DF,21,1846,2,0,10,2,20.0,20.0,,,1,968,706,580,82.2,3,,,30,,,0,461,10,,1,3,1
Issa Kaboré,Luton Town,bf BFA,DF,24,1729,0,2,6,1,16.7,0.0,,,1,985,759,533,70.2,66,,,30,,,1,455,60,,10,18,13
Amari'i Bell,Luton Town,jm JAM,DF,21,1720,0,0,2,2,100.0,0.0,,,4,1070,835,645,77.2,13,,,63,,,2,584,32,,1,8,0
Reece Burke,Luton Town,eng ENG,DF,22,1660,0,4,13,3,23.1,0.0,,,1,929,719,547,76.1,13,,,58,,,0,455,11,,0,9,3
Elijah Adebayo,Luton Town,eng ENG,FW,27,1419,10,0,31,14,45.2,32.26,,,1,462,204,144,70.6,5,,,9,,,1,265,16,,13,4,0
Jordan Clark,Luton Town,eng ENG,MF,23,1304,1,1,17,4,23.5,5.88,,,2,694,513,369,71.9,23,,,19,,,1,385,21,,7,18,4
Albert Sambi Lokonga,Luton Town,be BEL,MF,17,1303,1,3,8,2,25.0,12.5,,,5,899,766,669,87.3,13,,,68,,,5,528,29,,2,6,1
Andros Townsend,Luton Town,eng ENG,"MF,FW",27,1210,1,3,20,7,35.0,5.0,,,2,582,432,304,70.4,74,,,23,,,1,347,47,,7,16,12
Tom Lockyer,Luton Town,wls WAL,DF,14,1169,1,1,7,1,14.3,14.29,,,1,586,422,301,71.3,1,,,37,,,1,269,6,,1,4,0
Marvelous Nakamba,Luton Town,zw ZIM,MF,13,1130,0,0,5,0,0.0,0.0,,,1,546,423,356,84.2,4,,,27,,,0,224,1,,0,2,1
Pelly Ruddock Mpanzu,Luton Town,cd COD,MF,27,1101,0,0,11,1,9.1,0.0,,,2,481,364,268,73.6,11,,,17,,,0,235,10,,5,13,2
Jacob Brown,Luton Town,sct SCO,"MF,FW",19,1019,2,0,26,6,23.1,7.69,,,2,427,247,136,55.1,10,,,6,,,0,200,25,,9,3,1
Daiki Hashioka,Luton Town,jp JPN,DF,10,595,0,0,2,0,0.0,0.0,,,0,355,282,227,80.5,9,,,14,,,0,184,3,,0,4,3
Ryan Giles,Luton Town,eng ENG,"DF,MF",11,503,0,0,2,2,100.0,0.0,,,0,273,218,140,64.2,49,,,10,,,0,116,9,,2,10,6
Cauley Woodrow,Luton Town,eng ENG,"FW,MF",24,427,1,1,16,4,25.0,6.25,,,1,223,152,110,72.4,10,,,5,,,0,117,7,,1,4,4
Fred Onyedinma,Luton Town,eng ENG,"DF,MF",8,407,0,0,5,2,40.0,0.0,,,0,198,135,91,67.4,13,,,4,,,0,85,9,,4,2,1
Mads Juel Andersen,Luton Town,dk DEN,DF,8,400,1,0,3,1,33.3,33.33,,,0,182,117,87,74.4,0,,,7,,,0,58,0,,0,0,0
Luke Berry,Luton Town,eng ENG,"MF,DF",17,323,2,1,8,4,50.0,25.0,,,0,143,99,64,64.6,8,,,5,,,0,56,1,,0,0,0
Joseph Johnson,Luton Town,eng ENG,DF,2,77,0,0,0,0,,,,,1,36,36,30,83.3,0,,,1,,,0,18,0,,0,0,0
James Shea,Luton Town,eng ENG,GK,1,15,0,0,0,0,,,,,0,11,9,6,66.7,0,,,1,,,0,3,0,,0,0,0
Zack Nelson,Luton Town,eng ENG,"MF,DF",2,7,0,0,0,0,,,,,0,6,4,4,100.0,0,,,0,,,0,2,0,,0,0,0
Rodri,Manchester City,es ESP,MF,34,2931,8,9,62,22,35.5,12.9,,,5,3988,3656,3365,92.0,12,,,378,,,15,2513,76,,12,61,0
Phil Foden,Manchester City,eng ENG,"FW,MF",35,2857,19,8,105,48,45.7,18.1,,,4,2146,1767,1511,85.5,89,,,71,,,15,1435,93,,56,57,5
Ederson,Manchester City,br BRA,GK,33,2785,0,0,0,0,,,,,0,1283,1234,1077,87.3,0,,,25,,,0,847,0,,0,1,0
Kyle Walker,Manchester City,eng ENG,DF,32,2767,0,4,16,3,18.8,0.0,,,1,2613,2404,2128,88.5,59,,,199,,,6,1509,74,,7,32,13
Julián Álvarez,Manchester City,ar ARG,"MF,FW",36,2647,11,8,96,37,38.5,11.46,,,4,1554,1258,1011,80.4,137,,,43,,,9,914,64,,28,41,4
Bernardo Silva,Manchester City,pt POR,"MF,FW",33,2578,6,9,34,15,44.1,17.65,,,6,2194,1936,1671,86.3,83,,,100,,,2,1500,140,,37,49,10
Rúben Dias,Manchester City,pt POR,DF,30,2559,0,0,20,8,40.0,0.0,,,3,2877,2635,2469,93.7,13,,,220,,,2,1996,34,,1,12,3
Erling Haaland,Manchester City,no NOR,FW,31,2552,27,5,113,50,44.2,23.89,,,1,636,388,295,76.0,5,,,16,,,2,357,35,,22,11,0
Manuel Akanji,Manchester City,ch SUI,"DF,MF",30,2511,2,0,15,5,33.3,13.33,,,2,2544,2334,2180,93.4,9,,,214,,,4,1639,46,,3,15,2
Joško Gvardiol,Manchester City,hr CRO,DF,28,2328,4,1,32,13,40.6,12.5,,,4,2179,1919,1671,87.1,33,,,141,,,3,1285,63,,15,16,3
Nathan Aké,Manchester City,nl NED,DF,29,2042,2,2,20,5,25.0,10.0,,,2,2026,1864,1716,92.1,11,,,148,,,1,1280,24,,1,5,1
Jeremy Doku,Manchester City,be BEL,"FW,MF",29,1595,3,8,55,19,34.5,5.45,,,0,1161,852,693,81.3,61,,,14,,,2,879,218,,147,40,7
Mateo Kovačić,Manchester City,hr CRO,MF,30,1551,1,0,22,5,22.7,4.55,,,2,1689,1527,1435,94.0,0,,,120,,,4,1141,37,,1,15,0
Kevin De Bruyne,Manchester City,be BEL,MF,18,1221,4,10,44,17,38.6,9.09,,,7,1103,971,732,75.4,136,,,67,,,11,633,47,,12,56,12
John Stones,Manchester City,eng ENG,"DF,MF",16,1064,1,0,4,2,50.0,25.0,,,0,907,839,781,93.1,5,,,53,,,0,596,16,,1,1,0
Jack Grealish,Manchester City,eng ENG,"FW,MF",20,1009,3,1,22,5,22.7,13.64,,,1,697,580,499,86.0,16,,,15,,,3,522,87,,50,25,0
Rico Lewis,Manchester City,eng ENG,"DF,MF",16,809,2,0,5,4,80.0,40.0,,,0,620,568,518,91.2,1,,,29,,,1,380,21,,5,9,0
Matheus Nunes,Manchester City,pt POR,MF,17,661,0,2,9,4,44.4,0.0,,,0,529,443,373,84.2,19,,,23,,,1,347,28,,10,16,2
Stefan Ortega,Manchester City,de GER,GK,9,635,0,0,0,0,,,,,0,282,266,213,80.1,0,,,2,,,0,193,0,,0,0,0
Oscar Bobb,Manchester City,no NOR,"FW,MF",14,302,1,1,4,1,25.0,25.0,,,0,219,177,155,87.6,5,,,3,,,3,139,13,,5,19,1
Kalvin Phillips,Manchester City,eng ENG,MF,4,93,0,0,2,0,0.0,0.0,,,0,87,70,62,88.6,2,,,8,,,0,51,7,,1,1,1
Sergio Gómez,Manchester City,es ESP,"FW,MF",6,53,0,1,2,0,0.0,0.0,,,0,59,54,46,85.2,4,,,1,,,1,38,4,,1,2,1
Aymeric Laporte,Manchester City,es ESP,DF,1,12,0,0,1,1,100.0,0.0,,,0,14,11,11,100.0,0,,,0,,,0,10,0,,0,0,0
Cole Palmer,Manchester City,eng ENG,MF,1,11,0,0,0,0,,,,,0,6,5,4,80.0,0,,,0,,,0,6,0,,0,0,0
James Mcatee,Manchester City,eng ENG,MF,1,1,0,0,0,0,,,,,0,1,0,0,,0,,,0,,,0,0,0,,0,0,0
André Onana,Manchester Utd,cm CMR,GK,38,3420,0,0,0,0,,,,,8,1629,1521,1105,72.6,0,,,35,,,1,1127,1,,0,3,0
Diogo Dalot,Manchester Utd,pt POR,DF,36,3174,2,3,30,7,23.3,6.67,,,7,2196,1830,1486,81.2,80,,,107,,,1,1150,52,,10,31,16
Bruno Fernandes,Manchester Utd,pt POR,"MF,FW",35,3118,10,8,90,35,38.9,11.11,,,23,2585,2179,1590,73.0,223,,,187,,,30,1367,86,,23,89,10
Alejandro Garnacho,Manchester Utd,ar ARG,FW,36,2565,7,4,100,27,27.0,7.0,,,3,1312,901,675,74.9,58,,,26,,,2,940,178,,102,22,4
Marcus Rashford,Manchester Utd,eng ENG,FW,33,2271,7,2,60,19,31.7,11.67,,,8,1025,742,559,75.3,35,,,34,,,6,690,95,,64,30,1
Rasmus Højlund,Manchester Utd,dk DEN,FW,30,2158,10,2,38,20,52.6,26.32,,,3,612,402,304,75.6,6,,,14,,,1,355,35,,14,14,1
Casemiro,Manchester Utd,br BRA,"MF,DF",25,1982,1,2,39,9,23.1,2.56,,,6,1762,1425,1165,81.8,13,,,124,,,4,984,12,,1,18,3
Kobbie Mainoo,Manchester Utd,eng ENG,MF,24,1924,3,1,11,5,45.5,27.27,,,0,1094,868,748,86.2,6,,,47,,,8,667,25,,6,9,1
Scott McTominay,Manchester Utd,sct SCO,"MF,FW",32,1901,7,1,44,19,43.2,15.91,,,3,927,655,528,80.6,4,,,63,,,2,485,29,,4,9,0
Aaron Wan-Bissaka,Manchester Utd,cd COD,DF,22,1780,0,2,3,1,33.3,0.0,,,2,1225,986,823,83.5,14,,,51,,,0,594,30,,4,16,3
Harry Maguire,Manchester Utd,eng ENG,DF,22,1653,2,2,20,3,15.0,10.0,,,2,1313,1103,917,83.1,3,,,78,,,0,702,20,,2,6,0
Jonny Evans,Manchester Utd,nir NIR,DF,23,1392,0,1,1,0,0.0,0.0,,,3,1005,832,729,87.6,0,,,29,,,1,567,7,,0,3,0
Raphaël Varane,Manchester Utd,fr FRA,DF,22,1375,1,0,8,2,25.0,12.5,,,4,945,781,694,88.9,0,,,59,,,1,549,16,,0,4,0
Victor Lindelöf,Manchester Utd,se SWE,DF,19,1328,1,1,6,4,66.7,16.67,,,0,1037,927,826,89.1,1,,,62,,,2,620,17,,0,3,0
Antony,Manchester Utd,br BRA,FW,29,1324,1,1,43,15,34.9,2.33,,,3,815,595,468,78.7,16,,,26,,,3,549,53,,23,29,3
Christian Eriksen,Manchester Utd,dk DEN,MF,22,1141,1,2,13,4,30.8,7.69,,,5,896,805,648,80.5,43,,,66,,,5,515,20,,2,17,3
Luke Shaw,Manchester Utd,eng ENG,DF,12,959,0,0,2,0,0.0,0.0,,,2,754,648,531,81.9,33,,,33,,,2,398,10,,1,7,0
Sofyan Amrabat,Manchester Utd,ma MAR,"MF,DF",21,938,0,0,3,0,0.0,0.0,,,1,770,664,578,87.0,7,,,62,,,0,489,6,,0,6,1
Lisandro Martínez,Manchester Utd,ar ARG,DF,11,646,0,1,0,0,,,,,2,510,446,411,92.2,2,,,29,,,1,338,8,,0,1,0
Mason Mount,Manchester Utd,eng ENG,"MF,FW",14,516,1,0,5,1,20.0,20.0,,,0,289,219,179,81.7,14,,,17,,,1,152,9,,2,6,2
Anthony Martial,Manchester Utd,fr FRA,FW,13,448,1,0,6,4,66.7,16.67,,,2,178,139,109,78.4,0,,,6,,,0,105,6,,1,2,0
Sergio Reguilón,Manchester Utd,es ESP,DF,9,412,0,0,4,0,0.0,0.0,,,2,378,314,244,77.7,29,,,20,,,0,184,11,,2,4,2
Amad Diallo,Manchester Utd,ci CIV,"FW,MF",9,390,1,1,10,4,40.0,10.0,,,0,231,170,149,87.6,1,,,6,,,0,146,11,,4,3,0
Willy Kambwala,Manchester Utd,fr FRA,DF,8,330,0,0,0,0,,,,,0,232,192,163,84.9,0,,,7,,,0,124,2,,0,0,0
Facundo Pellistri,Manchester Utd,uy URU,"FW,MF",9,172,0,1,4,2,50.0,0.0,,,1,117,79,60,75.9,4,,,4,,,0,74,6,,4,2,0
Hannibal Mejbri,Manchester Utd,tn TUN,"MF,FW",5,133,1,0,1,1,100.0,100.0,,,0,59,38,31,81.6,1,,,6,,,2,35,2,,0,1,0
Jadon Sancho,Manchester Utd,eng ENG,"FW,MF",3,79,0,0,0,0,,,,,1,51,43,34,79.1,1,,,2,,,0,38,10,,5,2,0
Omari Forson,Manchester Utd,eng ENG,FW,4,70,0,1,1,0,0.0,0.0,,,0,39,33,30,90.9,0,,,2,,,0,29,1,,0,1,0
Ethan Wheatley,Manchester Utd,eng ENG,FW,3,16,0,0,0,0,,,,,0,6,0,0,,0,,,0,,,0,3,0,,0,0,0
Donny van de Beek,Manchester Utd,nl NED,DF,1,3,0,0,1,0,0.0,0.0,,,0,4,1,1,100.0,0,,,0,,,0,1,0,,0,0,0
Daniel Gore,Manchester Utd,eng ENG,MF,1,1,0,0,0,0,,,,,0,2,0,0,,0,,,0,,,0,2,0,,0,0,0
Bruno Guimarães,Newcastle Utd,br BRA,MF,37,3263,7,8,48,16,33.3,14.58,,,12,2734,2313,1941,83.9,32,,,184,,,26,1842,65,,19,70,5
Fabian Schär,Newcastle Utd,ch SUI,DF,36,3054,4,1,35,9,25.7,11.43,,,8,2483,2128,1762,82.8,8,,,145,,,6,1490,28,,1,18,3
Anthony Gordon,Newcastle Utd,eng ENG,FW,35,2890,11,10,80,29,36.3,13.75,,,2,1424,1055,803,76.1,111,,,54,,,8,955,138,,59,39,12
Sean Longstaff,Newcastle Utd,eng ENG,MF,35,2747,6,2,41,15,36.6,14.63,,,2,1533,1241,991,79.9,25,,,82,,,8,801,24,,7,26,4
Dan Burn,Newcastle Utd,eng ENG,DF,33,2726,2,2,23,5,21.7,8.7,,,6,2007,1667,1351,81.0,11,,,67,,,1,924,14,,3,7,3
Alexander Isak,Newcastle Utd,se SWE,FW,30,2255,21,2,72,36,50.0,29.17,,,3,725,493,385,78.1,10,,,28,,,5,421,68,,38,21,0
Kieran Trippier,Newcastle Utd,eng ENG,DF,28,2236,1,10,8,2,25.0,12.5,,,7,2344,2130,1624,76.2,212,,,111,,,1,1078,34,,5,52,19
Martin Dúbravka,Newcastle Utd,sk SVK,GK,23,1985,0,0,0,0,,,,,2,709,651,519,79.7,0,,,1,,,0,378,0,,0,0,0
Miguel Almirón,Newcastle Utd,py PAR,FW,33,1937,3,1,41,12,29.3,7.32,,,3,1029,801,668,83.4,24,,,38,,,5,652,78,,22,21,3
Sven Botman,Newcastle Utd,nl NED,DF,17,1377,2,2,10,2,20.0,20.0,,,0,1154,1017,921,90.6,0,,,38,,,0,672,0,,0,1,0
Nick Pope,Newcastle Utd,eng ENG,GK,15,1345,0,0,1,0,0.0,0.0,,,0,434,399,307,76.9,0,,,5,,,0,217,0,,0,0,0
Valentino Livramento,Newcastle Utd,eng ENG,DF,26,1314,1,0,4,2,50.0,25.0,,,0,957,802,689,85.9,26,,,58,,,0,521,44,,8,16,3
Joelinton,Newcastle Utd,br BRA,"MF,FW",20,1279,2,1,19,7,36.8,10.53,,,2,808,627,524,83.6,2,,,38,,,3,436,29,,6,9,0
Lewis Miley,Newcastle Utd,eng ENG,MF,17,1202,1,3,13,3,23.1,7.69,,,0,674,535,441,82.4,11,,,26,,,4,350,14,,6,12,2
Jacob Murphy,Newcastle Utd,eng ENG,"FW,DF",21,1189,3,7,30,10,33.3,10.0,,,3,666,519,343,66.1,77,,,32,,,10,381,33,,15,30,8
Jamaal Lascelles,Newcastle Utd,eng ENG,DF,16,1080,1,0,6,1,16.7,16.67,,,2,872,774,669,86.4,1,,,38,,,0,519,8,,0,1,0
Elliot Anderson,Newcastle Utd,eng ENG,"MF,FW",21,1027,0,2,19,4,21.1,0.0,,,0,640,460,370,80.4,19,,,36,,,4,364,37,,4,12,0
Callum Wilson,Newcastle Utd,eng ENG,FW,20,991,9,1,33,18,54.5,27.27,,,0,304,163,105,64.4,3,,,3,,,2,212,11,,13,2,0
Emil Krafth,Newcastle Utd,se SWE,DF,17,913,0,0,4,0,0.0,0.0,,,1,661,580,488,84.1,17,,,26,,,0,358,12,,1,13,7
Harvey Barnes,Newcastle Utd,eng ENG,"FW,MF",21,802,5,3,27,12,44.4,18.52,,,2,360,272,208,76.5,12,,,11,,,1,266,45,,23,17,3
Lewis Hall,Newcastle Utd,eng ENG,DF,18,781,1,0,11,4,36.4,9.09,,,2,668,552,452,81.9,23,,,41,,,0,343,19,,5,3,1
Sandro Tonali,Newcastle Utd,it ITA,MF,8,438,1,0,3,2,66.7,33.33,,,0,307,280,241,86.1,11,,,16,,,0,191,11,,1,4,2
Joe Willock,Newcastle Utd,eng ENG,MF,9,419,1,0,7,3,42.9,14.29,,,1,225,164,136,82.9,6,,,16,,,1,133,16,,5,3,1
Matt Ritchie,Newcastle Utd,sct SCO,"FW,MF",13,128,1,0,6,4,66.7,16.67,,,0,125,93,70,75.3,7,,,5,,,0,58,5,,2,3,0
Loris Karius,Newcastle Utd,de GER,GK,1,90,0,0,0,0,,,,,1,41,37,21,56.8,0,,,0,,,0,17,0,,0,0,0
Matt Targett,Newcastle Utd,eng ENG,DF,3,78,0,0,0,0,,,,,0,51,41,36,87.8,0,,,2,,,0,34,1,,0,0,0
Ben Parkinson,Newcastle Utd,eng ENG,FW,1,25,0,0,0,0,,,,,0,6,3,1,33.3,0,,,0,,,0,0,0,,0,0,0
Paul Dummett,Newcastle Utd,wls WAL,DF,5,20,0,0,1,0,0.0,0.0,,,0,26,23,21,91.3,0,,,2,,,0,12,1,,0,0,0
Alex Murphy,Newcastle Utd,ie IRL,"DF,FW",2,13,0,0,0,0,,,,,0,21,17,17,100.0,0,,,2,,,0,16,0,,0,0,0
Joe White,Newcastle Utd,eng ENG,MF,4,13,0,0,0,0,,,,,0,13,12,11,91.7,0,,,2,,,0,9,2,,0,0,0
Amadou Diallo,Newcastle Utd,eng ENG,MF,1,1,0,0,0,0,,,,,0,1,1,1,100.0,0,,,0,,,0,0,0,,0,0,0
Michael Ndiweni,Newcastle Utd,eng ENG,FW,1,1,0,0,0,0,,,,,0,2,2,1,50.0,0,,,0,,,0,0,0,,0,0,0
Morgan Gibbs-White,Nott'ham Forest,eng ENG,"MF,FW",37,3156,5,10,70,13,18.6,7.14,,,11,1879,1482,1046,70.6,182,,,114,,,17,1034,79,,15,39,13
Murillo,Nott'ham Forest,br BRA,DF,32,2789,0,2,17,6,35.3,0.0,,,9,1848,1459,1122,76.9,4,,,101,,,6,985,22,,3,11,0
Anthony Elanga,Nott'ham Forest,se SWE,"FW,MF",36,2433,5,9,54,22,40.7,9.26,,,4,1022,712,498,69.9,58,,,28,,,4,625,98,,42,24,5
Ryan Yates,Nott'ham Forest,eng ENG,MF,35,1992,1,1,32,7,21.9,3.12,,,3,1126,829,659,79.5,6,,,59,,,2,455,18,,0,10,0
Callum Hudson-Odoi,Nott'ham Forest,eng ENG,"FW,MF",29,1854,8,1,38,20,52.6,21.05,,,4,932,738,576,78.0,74,,,20,,,3,648,111,,39,32,8
Chris Wood,Nott'ham Forest,nz NZL,FW,31,1812,14,1,48,26,54.2,29.17,,,0,628,433,278,64.2,2,,,19,,,1,296,16,,7,3,0
Danilo,Nott'ham Forest,br BRA,MF,29,1792,2,2,23,7,30.4,8.7,,,6,977,757,588,77.7,26,,,74,,,4,514,22,,3,14,0
Ola Aina,Nott'ham Forest,ng NGA,DF,22,1692,1,1,11,1,9.1,9.09,,,3,1020,803,605,75.3,28,,,58,,,2,494,52,,11,13,6
Neco Williams,Nott'ham Forest,wls WAL,DF,26,1637,0,1,15,4,26.7,0.0,,,5,1080,785,519,66.1,68,,,43,,,0,496,48,,6,17,11
Orel Mangala,Nott'ham Forest,be BEL,MF,20,1563,1,0,10,1,10.0,10.0,,,2,819,646,570,88.2,2,,,39,,,1,429,13,,1,1,0
Matt Turner,Nott'ham Forest,us USA,GK,17,1530,0,0,0,0,,,,,6,616,578,398,68.9,0,,,10,,,0,319,0,,0,0,0
Nicolás Domínguez,Nott'ham Forest,ar ARG,"MF,FW",26,1495,2,2,22,6,27.3,9.09,,,4,1049,843,714,84.7,6,,,61,,,2,492,14,,2,16,1
Moussa Niakhate,Nott'ham Forest,sn SEN,DF,21,1460,1,0,5,1,20.0,20.0,,,1,927,775,618,79.7,11,,,30,,,0,502,13,,1,5,1
Harry Toffolo,Nott'ham Forest,eng ENG,DF,23,1459,1,3,8,5,62.5,12.5,,,0,745,590,424,71.9,47,,,40,,,0,272,10,,1,10,10
Matz Sels,Nott'ham Forest,be BEL,GK,16,1440,0,0,0,0,,,,,2,409,378,263,69.6,0,,,14,,,0,213,0,,0,3,0
Willy Boly,Nott'ham Forest,ci CIV,DF,20,1438,2,1,14,6,42.9,14.29,,,3,895,671,502,74.8,1,,,34,,,1,380,4,,1,8,0
Taiwo Awoniyi,Nott'ham Forest,ng NGA,FW,20,1042,6,3,22,11,50.0,27.27,,,2,294,175,127,72.6,1,,,6,,,2,168,8,,6,3,0
Ibrahim Sangaré,Nott'ham Forest,ci CIV,MF,17,1035,0,0,8,0,0.0,0.0,,,3,554,425,339,79.8,2,,,34,,,3,279,5,,0,5,0
Serge Aurier,Nott'ham Forest,ci CIV,"DF,MF",12,833,0,2,6,1,16.7,0.0,,,0,568,448,348,77.7,22,,,31,,,1,249,10,,1,9,4
Gonzalo Montiel,Nott'ham Forest,ar ARG,DF,14,801,0,2,3,0,0.0,0.0,,,1,474,386,292,75.6,16,,,22,,,1,209,9,,0,9,1
Andrew Omobamidele,Nott'ham Forest,ie IRL,DF,11,783,0,0,1,0,0.0,0.0,,,0,399,310,271,87.4,0,,,9,,,0,217,1,,0,0,0
Divock Origi,Nott'ham Forest,be BEL,FW,20,606,0,1,14,2,14.3,0.0,,,0,225,144,92,63.9,13,,,7,,,3,144,19,,9,5,1
Nuno Tavares,Nott'ham Forest,pt POR,DF,8,457,0,0,7,1,14.3,0.0,,,1,343,274,201,73.4,16,,,14,,,0,166,14,,2,2,0
Odysseas Vlachodimos,Nott'ham Forest,gr GRE,GK,5,450,0,0,0,0,,,,,2,181,176,141,80.1,0,,,0,,,0,94,0,,0,0,0
Joe Worrall,Nott'ham Forest,eng ENG,DF,7,439,0,0,2,0,0.0,0.0,,,0,216,164,138,84.1,0,,,5,,,0,105,0,,0,0,0
Scott McKenna,Nott'ham Forest,sct SCO,DF,5,416,0,0,2,0,0.0,0.0,,,0,244,186,137,73.7,0,,,10,,,0,102,1,,0,3,0
Felipe,Nott'ham Forest,br BRA,DF,7,375,0,0,3,0,0.0,0.0,,,1,257,215,183,85.1,0,,,10,,,0,147,1,,0,0,0
Brennan Johnson,Nott'ham Forest,wls WAL,"FW,MF",3,237,0,0,3,0,0.0,0.0,,,1,85,61,47,77.0,2,,,2,,,0,50,8,,3,0,0
Gio Reyna,Nott'ham Forest,us USA,"FW,MF",9,235,0,1,5,2,40.0,0.0,,,2,173,140,118,84.3,8,,,5,,,0,83,3,,2,2,0
Cheikhou Kouyaté,Nott'ham Forest,sn SEN,MF,12,212,0,0,5,1,20.0,0.0,,,1,108,74,47,63.5,0,,,3,,,0,37,0,,0,0,0
Rodrigo Ribeiro,Nott'ham Forest,pt POR,"MF,FW",4,17,0,0,0,0,,,,,0,12,8,6,75.0,0,,,1,,,0,7,2,,0,0,0
Andrey Santos,Nott'ham Forest,br BRA,MF,1,8,0,0,2,0,0.0,0.0,,,0,10,6,6,100.0,0,,,1,,,0,2,0,,0,0,0
Brandon Aguilera,Nott'ham Forest,cr CRC,FW,1,5,0,0,0,0,,,,,0,11,8,4,50.0,0,,,1,,,0,4,0,,0,0,0
Gustavo Hamer,Sheffield Utd,nl NED,MF,36,2910,4,6,49,13,26.5,8.16,,,5,1403,1103,756,68.5,115,,,94,,,5,624,36,,13,37,7
Jack Robinson,Sheffield Utd,eng ENG,DF,34,2885,1,1,14,5,35.7,7.14,,,5,1567,1255,895,71.3,12,,,66,,,1,686,8,,2,7,4
Jayden Bogle,Sheffield Utd,eng ENG,DF,34,2788,3,0,32,11,34.4,9.38,,,2,1376,969,684,70.6,40,,,45,,,1,592,38,,11,20,5
Vinicius Souza,Sheffield Utd,br BRA,MF,36,2668,1,0,14,6,42.9,7.14,,,3,1381,995,790,79.4,10,,,60,,,0,581,8,,5,5,1
Anel Ahmedhodžić,Sheffield Utd,ba BIH,DF,31,2649,2,0,19,5,26.3,10.53,,,2,1336,993,749,75.4,6,,,41,,,1,606,15,,3,3,1
Wes Foderingham,Sheffield Utd,eng ENG,GK,30,2649,0,0,0,0,,,,,10,1155,1055,596,56.5,0,,,19,,,0,575,0,,0,2,0
Auston Trusty,Sheffield Utd,us USA,DF,32,2572,0,0,8,2,25.0,0.0,,,2,1262,918,700,76.3,5,,,24,,,0,510,10,,2,4,2
Cameron Archer,Sheffield Utd,eng ENG,"FW,MF",29,1832,4,1,42,9,21.4,9.52,,,0,563,332,266,80.1,5,,,11,,,2,346,33,,22,7,2
James Mcatee,Sheffield Utd,eng ENG,"MF,FW",30,1822,3,3,25,8,32.0,12.0,,,4,784,530,362,68.3,36,,,30,,,6,451,56,,18,25,3
Oliver Norwood,Sheffield Utd,nir NIR,MF,27,1440,1,0,14,5,35.7,7.14,,,3,1068,911,634,69.6,52,,,67,,,2,470,3,,0,11,2
Ben Osborn,Sheffield Utd,eng ENG,"DF,MF",24,1367,0,2,4,0,0.0,0.0,,,5,735,608,448,73.7,47,,,34,,,1,374,16,,1,11,8
Oliver McBurnie,Sheffield Utd,sct SCO,FW,21,1280,6,3,31,15,48.4,19.35,,,5,583,408,242,59.3,5,,,27,,,1,245,6,,4,5,1
Ben Brereton,Sheffield Utd,cl CHI,"FW,MF",14,1105,6,1,34,16,47.1,17.65,,,0,388,266,201,75.6,9,,,22,,,0,234,23,,19,12,2
George Baldock,Sheffield Utd,gr GRE,DF,13,969,0,1,1,0,0.0,0.0,,,2,505,397,291,73.3,18,,,18,,,0,238,9,,4,11,4
Oliver Arblaster,Sheffield Utd,eng ENG,MF,12,943,0,0,1,1,100.0,0.0,,,3,555,441,351,79.6,7,,,37,,,1,281,14,,3,6,0
Andre Brooks,Sheffield Utd,eng ENG,"MF,DF",20,938,0,0,9,2,22.2,0.0,,,0,394,260,196,75.4,8,,,11,,,0,207,12,,1,5,0
Luke Thomas,Sheffield Utd,eng ENG,DF,12,917,0,0,6,1,16.7,0.0,,,0,430,319,234,73.4,13,,,23,,,0,191,8,,1,5,2
William Osula,Sheffield Utd,dk DEN,FW,21,786,0,0,21,8,38.1,0.0,,,1,200,93,49,52.7,2,,,3,,,0,108,7,,3,2,1
Ivo Grbić,Sheffield Utd,hr CRO,GK,9,771,0,0,0,0,,,,,2,324,298,148,49.7,0,,,1,,,0,152,0,,0,0,0
Mason Holgate,Sheffield Utd,jm JAM,DF,10,710,0,0,3,0,0.0,0.0,,,1,296,211,138,65.4,7,,,17,,,0,95,0,,1,2,2
Yasser Larouci,Sheffield Utd,dz ALG,DF,11,531,0,0,6,1,16.7,0.0,,,1,262,185,131,70.8,6,,,11,,,0,137,18,,4,0,0
Max Lowe,Sheffield Utd,eng ENG,"DF,MF",10,503,0,0,2,0,0.0,0.0,,,0,203,130,84,64.6,8,,,6,,,0,66,5,,1,3,0
John Egan,Sheffield Utd,ie IRL,DF,6,482,0,0,3,1,33.3,0.0,,,2,257,185,128,69.2,0,,,5,,,0,106,0,,0,1,0
Anis Ben Slimane,Sheffield Utd,tn TUN,MF,15,419,0,0,8,3,37.5,0.0,,,3,216,139,92,66.2,0,,,6,,,1,109,3,,3,2,0
Bénie Traoré,Sheffield Utd,ci CIV,"FW,MF",8,387,0,0,1,1,100.0,0.0,,,1,112,71,55,77.5,3,,,2,,,2,72,7,,3,7,1
Rhian Brewster,Sheffield Utd,eng ENG,"FW,MF",13,346,0,0,7,3,42.9,0.0,,,0,113,76,52,68.4,3,,,6,,,0,62,1,,3,1,0
Chris Basham,Sheffield Utd,eng ENG,"DF,MF",8,321,0,0,2,0,0.0,0.0,,,0,185,138,103,74.6,4,,,7,,,0,72,1,,0,2,0
Tom Davies,Sheffield Utd,eng ENG,MF,9,221,0,0,4,1,25.0,0.0,,,2,142,99,68,68.7,4,,,6,,,1,67,3,,1,1,0
Rhys Norrington-Davies,Sheffield Utd,wls WAL,DF,5,110,0,0,0,0,,,,,0,77,67,48,71.6,2,,,1,,,0,46,3,,0,0,0
John Fleck,Sheffield Utd,sct SCO,"MF,DF",4,92,0,0,0,0,,,,,0,49,40,29,72.5,0,,,1,,,1,19,2,,0,1,0
Sam Curtis,Sheffield Utd,ie IRL,DF,1,28,0,0,0,0,,,,,0,14,10,6,60.0,1,,,0,,,0,1,0,,0,0,0
Daniel Jebbison,Sheffield Utd,ca CAN,FW,1,21,0,0,0,0,,,,,0,9,3,1,33.3,0,,,0,,,0,5,0,,0,0,0
Antwoine Hackford,Sheffield Utd,eng ENG,FW,2,13,0,0,0,0,,,,,0,4,2,2,100.0,0,,,0,,,0,3,0,,0,0,0
Sydie Peck,Sheffield Utd,eng ENG,MF,1,10,0,0,0,0,,,,,0,1,1,1,100.0,0,,,0,,,0,0,0,,0,0,0
Ryan One,Sheffield Utd,sct SCO,FW,1,8,0,0,0,0,,,,,0,2,1,1,100.0,0,,,0,,,0,1,1,,0,0,0
Guglielmo Vicario,Tottenham,it ITA,GK,38,3420,0,0,0,0,,,,,5,1680,1569,1335,85.1,0,,,5,,,0,1029,0,,0,0,0
Pedro Porro,Tottenham,es ESP,DF,35,3089,3,7,53,12,22.6,5.66,,,11,2786,2369,1806,76.2,198,,,135,,,14,1369,57,,10,48,10
Son Heung-min,Tottenham,kr KOR,FW,35,2934,17,10,83,38,45.8,20.48,,,4,1354,1075,887,82.5,36,,,40,,,17,927,119,,64,65,2
Cristian Romero,Tottenham,ar ARG,DF,33,2790,5,0,24,9,37.5,20.83,,,3,2923,2606,2390,91.7,3,,,189,,,6,1957,32,,0,14,0
Dejan Kulusevski,Tottenham,se SWE,"FW,MF",36,2762,8,3,57,23,40.4,14.04,,,7,1623,1234,953,77.2,89,,,55,,,12,1169,151,,82,73,19
Destiny Udogie,Tottenham,it ITA,DF,28,2391,2,3,9,5,55.6,22.22,,,3,1775,1440,1235,85.8,22,,,115,,,0,974,83,,19,13,0
Micky van de Ven,Tottenham,nl NED,DF,27,2339,3,0,8,3,37.5,37.5,,,3,2023,1810,1698,93.8,3,,,121,,,0,1422,19,,2,3,0
James Maddison,Tottenham,eng ENG,MF,28,2135,4,9,58,23,39.7,6.9,,,11,1748,1500,1210,80.7,133,,,130,,,14,1251,58,,31,59,3
Brennan Johnson,Tottenham,wls WAL,FW,32,2085,5,10,50,19,38.0,10.0,,,4,977,728,519,71.3,68,,,32,,,0,638,97,,48,39,10
Pape Matar Sarr,Tottenham,sn SEN,MF,34,2069,3,3,36,13,36.1,8.33,,,2,1582,1349,1179,87.4,25,,,108,,,6,1041,43,,3,23,4
Yves Bissouma,Tottenham,ml MLI,MF,28,2068,0,0,24,5,20.8,0.0,,,4,2119,1842,1689,91.7,1,,,156,,,3,1367,43,,7,12,0
Richarlison,Tottenham,br BRA,FW,28,1491,11,4,62,25,40.3,17.74,,,3,652,392,267,68.1,14,,,21,,,2,394,26,,17,13,1
Pierre Højbjerg,Tottenham,dk DEN,MF,36,1311,0,0,19,6,31.6,0.0,,,10,1584,1415,1234,87.2,14,,,160,,,2,1013,17,,2,12,1
Emerson,Tottenham,br BRA,DF,22,1161,1,0,6,3,50.0,16.67,,,1,1220,1038,937,90.3,14,,,42,,,1,686,21,,2,7,2
Ben Davies,Tottenham,wls WAL,DF,17,1090,1,0,12,2,16.7,8.33,,,1,972,850,766,90.1,10,,,80,,,3,593,13,,1,4,0
Rodrigo Bentancur,Tottenham,uy URU,MF,23,1005,1,1,18,4,22.2,5.56,,,4,932,800,674,84.3,9,,,69,,,4,575,16,,2,11,1
Timo Werner,Tottenham,de GER,FW,13,809,2,3,29,7,24.1,6.9,,,1,450,366,281,76.8,28,,,9,,,2,328,79,,36,20,5
Oliver Skipp,Tottenham,eng ENG,"MF,DF",21,707,0,0,4,1,25.0,0.0,,,1,448,383,351,91.6,1,,,37,,,1,226,8,,1,3,0
Giovani Lo Celso,Tottenham,ar ARG,MF,22,506,2,2,13,6,46.2,15.38,,,5,570,503,449,89.3,13,,,44,,,2,361,25,,0,14,3
Radu Drăgușin,Tottenham,ro ROU,DF,9,429,0,0,1,0,0.0,0.0,,,0,411,370,326,88.1,0,,,10,,,1,284,5,,1,0,0
Bryan Gil,Tottenham,es ESP,"FW,MF",11,209,0,0,4,1,25.0,0.0,,,0,191,157,127,80.9,11,,,6,,,0,137,11,,5,8,1
Eric Dier,Tottenham,eng ENG,DF,4,201,0,0,0,0,,,,,0,164,141,125,88.7,0,,,3,,,0,97,0,,0,0,0
Manor Solomon,Tottenham,il ISR,FW,5,199,0,2,7,1,14.3,0.0,,,0,125,90,78,86.7,5,,,3,,,1,92,17,,9,7,1
Ivan Perišić,Tottenham,hr CRO,FW,5,103,0,1,2,0,0.0,0.0,,,0,93,76,53,69.7,13,,,4,,,0,65,15,,6,6,2
Davinson Sánchez,Tottenham,co COL,DF,1,77,0,0,1,0,0.0,0.0,,,0,83,75,68,90.7,0,,,13,,,0,68,0,,0,0,0
Alejo Véliz,Tottenham,ar ARG,FW,8,50,1,0,2,1,50.0,50.0,,,0,18,10,5,50.0,0,,,0,,,0,8,0,,0,0,0
Dane Scarlett,Tottenham,eng ENG,FW,4,22,0,0,0,0,,,,,0,11,3,2,66.7,0,,,1,,,0,10,0,,1,0,0
Mikey Moore,Tottenham,eng ENG,MF,2,4,0,0,0,0,,,,,0,8,5,4,80.0,0,,,0,,,0,4,2,,0,0,0
Jamie Donley,Tottenham,nir NIR,FW,3,3,0,0,0,0,,,,,0,7,1,1,100.0,0,,,0,,,0,2,0,,0,0,0
Emerson Palmieri,West Ham,it ITA,DF,36,3137,1,2,19,4,21.1,5.26,,,6,2168,1745,1421,81.4,49,,,89,,,2,1057,59,,9,22,7
Vladimír Coufal,West Ham,cz CZE,DF,36,3132,0,7,8,2,25.0,0.0,,,11,2025,1665,1154,69.3,106,,,98,,,2,885,68,,4,38,21
Jarrod Bowen,West Ham,eng ENG,FW,34,3019,16,6,84,37,44.0,19.05,,,2,1094,702,484,68.9,75,,,29,,,5,666,90,,49,13,3
James Ward-Prowse,West Ham,eng ENG,MF,37,3001,7,7,42,16,38.1,16.67,,,8,1923,1672,1386,82.9,189,,,137,,,2,911,18,,6,23,8
Tomáš Souček,West Ham,cz CZE,MF,37,2870,7,2,43,15,34.9,16.28,,,6,1340,962,722,75.1,6,,,80,,,2,533,7,,2,8,2
Kurt Zouma,West Ham,fr FRA,DF,33,2838,3,0,16,7,43.8,18.75,,,2,1455,1148,962,83.8,0,,,57,,,1,794,7,,1,1,0
Alphonse Areola,West Ham,fr FRA,GK,31,2699,0,0,0,0,,,,,5,976,867,562,64.8,0,,,8,,,0,498,0,,0,0,0
Lucas Paquetá,West Ham,br BRA,"FW,MF",31,2622,4,6,40,8,20.0,10.0,,,8,1845,1465,1082,73.9,35,,,143,,,30,1103,34,,12,50,8
Mohammed Kudus,West Ham,gh GHA,"FW,MF",33,2484,8,6,67,17,25.4,11.94,,,4,1311,875,677,77.4,94,,,32,,,3,904,117,,40,29,16
Edson Álvarez,West Ham,mx MEX,MF,31,2377,1,1,17,3,17.6,5.88,,,5,1599,1207,1033,85.6,4,,,87,,,2,890,20,,1,6,1
Nayef Aguerd,West Ham,ma MAR,DF,21,1857,1,0,14,3,21.4,7.14,,,2,1373,1177,943,80.1,5,,,74,,,1,861,10,,0,2,0
Michail Antonio,West Ham,jm JAM,FW,26,1695,6,2,30,14,46.7,20.0,,,2,527,308,180,58.4,27,,,13,,,3,345,48,,19,7,2
Konstantinos Mavropanos,West Ham,gr GRE,DF,19,1500,1,0,12,2,16.7,8.33,,,2,821,635,482,75.9,1,,,29,,,1,393,10,,1,1,0
Łukasz Fabiański,West Ham,pl POL,GK,10,721,0,0,0,0,,,,,1,260,239,160,66.9,0,,,8,,,0,140,0,,0,0,0
Angelo Ogbonna,West Ham,it ITA,DF,11,635,0,0,1,0,0.0,0.0,,,0,272,214,171,79.9,0,,,6,,,0,137,2,,1,0,0
Saïd Benrahma,West Ham,dz ALG,"FW,MF",13,620,0,1,18,5,27.8,0.0,,,2,355,257,193,75.1,17,,,11,,,5,238,28,,15,11,2
Ben Johnson,West Ham,eng ENG,"DF,FW",14,544,0,0,6,2,33.3,0.0,,,2,417,334,246,73.7,31,,,18,,,0,232,17,,1,1,0
Aaron Cresswell,West Ham,eng ENG,"DF,FW",11,436,0,0,0,0,,,,,0,326,308,254,82.5,11,,,15,,,0,169,4,,0,4,0
Pablo Fornals,West Ham,es ESP,"MF,FW",15,426,0,0,7,3,42.9,0.0,,,0,277,210,162,77.1,8,,,19,,,0,156,4,,2,6,1
Danny Ings,West Ham,eng ENG,FW,20,404,1,0,12,4,33.3,8.33,,,1,165,107,76,71.0,1,,,2,,,0,94,7,,3,3,0
Kalvin Phillips,West Ham,eng ENG,MF,8,309,0,0,3,2,66.7,0.0,,,2,215,179,141,78.8,1,,,24,,,1,110,3,,0,0,0
Maxwel Cornet,West Ham,ci CIV,"MF,FW",7,112,1,0,4,1,25.0,25.0,,,0,68,49,36,73.5,1,,,0,,,0,34,3,,2,0,0
Divin Mubama,West Ham,eng ENG,FW,5,80,0,0,1,0,0.0,0.0,,,0,32,22,16,72.7,0,,,0,,,0,18,0,,0,0,0
George Earthy,West Ham,eng ENG,FW,3,34,1,0,1,1,100.0,100.0,,,0,18,17,16,94.1,0,,,0,,,0,13,0,,0,0,0
Thilo Kehrer,West Ham,de GER,"DF,MF",4,22,0,0,0,0,,,,,0,12,9,9,100.0,0,,,0,,,0,3,0,,0,0,0
Kaelan Casey,West Ham,eng ENG,DF,1,1,0,0,0,0,,,,,0,1,0,0,,0,,,0,,,0,0,0,,0,0,0
Max Kilman,Wolves,eng ENG,DF,38,3420,2,0,14,5,35.7,14.29,,,9,2706,2309,1979,85.7,6,,,109,,,2,1582,22,,1,11,1
Nélson Semedo,Wolves,pt POR,"DF,MF",36,3084,0,1,17,4,23.5,0.0,,,5,2233,1849,1474,79.7,80,,,101,,,2,1237,103,,14,25,10
José Sá,Wolves,pt POR,GK,35,3037,0,1,0,0,,,,,3,1198,1097,720,65.6,0,,,8,,,0,677,0,,1,0,0
Mario Lemina,Wolves,ga GAB,MF,35,2968,4,1,48,18,37.5,8.33,,,7,1817,1470,1261,85.8,15,,,65,,,8,932,32,,3,8,3
Toti Gomes,Wolves,pt POR,DF,35,2772,1,3,10,5,50.0,10.0,,,4,2109,1847,1516,82.1,13,,,78,,,1,1113,22,,2,6,1
João Gomes,Wolves,br BRA,MF,34,2649,2,1,26,7,26.9,7.69,,,8,1626,1279,1051,82.2,25,,,73,,,7,805,28,,6,23,5
Matheus Cunha,Wolves,br BRA,"FW,MF",32,2440,12,7,72,36,50.0,16.67,,,6,1220,831,658,79.2,24,,,56,,,8,718,107,,38,31,1
Rayan Aït-Nouri,Wolves,dz ALG,"DF,MF",33,2329,2,1,24,8,33.3,8.33,,,5,1523,1190,1005,84.5,41,,,60,,,2,868,67,,8,13,4
Craig Dawson,Wolves,eng ENG,DF,25,2209,1,1,16,5,31.3,6.25,,,3,1529,1277,1104,86.5,1,,,52,,,2,896,1,,0,2,0
Hwang Hee-chan,Wolves,kr KOR,"FW,MF",29,2119,12,3,44,17,38.6,27.27,,,0,777,551,424,77.0,11,,,19,,,3,478,37,,24,7,2
Pablo Sarabia,Wolves,es ESP,"MF,FW",30,1745,4,7,44,16,36.4,9.09,,,9,1172,976,684,70.1,131,,,59,,,9,687,41,,9,40,6
Pedro Neto,Wolves,pt POR,"FW,MF",20,1516,2,9,36,12,33.3,5.56,,,4,904,722,538,74.5,115,,,23,,,1,581,98,,42,29,12
Tommy Doyle,Wolves,eng ENG,MF,26,1222,0,0,14,3,21.4,0.0,,,8,1061,955,801,83.9,28,,,86,,,2,637,21,,2,7,2
Matt Doherty,Wolves,ie IRL,"DF,MF",30,1150,1,0,9,3,33.3,11.11,,,0,811,653,515,78.9,13,,,22,,,0,325,12,,3,7,1
Jean-Ricner Bellegarde,Wolves,ht HAI,"MF,FW",22,958,2,1,15,5,33.3,13.33,,,2,478,314,241,76.8,30,,,17,,,1,268,30,,5,7,0
Santiago Bueno,Wolves,uy URU,DF,12,822,0,0,0,0,,,,,0,566,480,426,88.8,2,,,16,,,0,330,3,,0,0,0
Boubacar Traoré,Wolves,ml MLI,MF,24,819,0,0,11,1,9.1,0.0,,,1,556,455,383,84.2,6,,,34,,,0,283,9,,1,7,3
Hugo Bueno,Wolves,es ESP,"DF,MF",22,741,0,0,5,0,0.0,0.0,,,2,517,406,318,78.3,29,,,11,,,0,266,22,,2,8,8
Daniel Bentley,Wolves,eng ENG,GK,5,383,0,0,0,0,,,,,0,151,144,96,66.7,0,,,2,,,0,66,0,,0,0,0
Fábio Silva,Wolves,pt POR,FW,8,264,0,0,7,3,42.9,0.0,,,0,118,76,61,80.3,0,,,7,,,1,66,5,,1,0,0
Nathan Fraser,Wolves,ie IRL,FW,7,186,0,0,3,2,66.7,0.0,,,0,62,42,33,78.6,0,,,0,,,0,32,1,,1,2,0
Matheus Nunes,Wolves,pt POR,MF,2,179,0,0,1,0,0.0,0.0,,,1,131,106,87,82.1,3,,,6,,,0,93,7,,3,1,0
Leon Chiwome,Wolves,eng ENG,FW,3,174,0,0,2,0,0.0,0.0,,,0,39,22,19,86.4,0,,,2,,,0,16,1,,1,0,0
Sasa Kalajdzic,Wolves,at AUT,FW,11,166,2,0,4,2,50.0,50.0,,,0,88,60,38,63.3,1,,,1,,,0,46,1,,0,2,0
Tawanda Chirewa,Wolves,zw ZIM,"MF,FW",8,145,0,0,3,1,33.3,0.0,,,1,86,58,46,79.3,4,,,3,,,0,49,1,,1,3,2
Jonny Castro,Wolves,es ESP,MF,1,5,0,0,0,0,,,,,0,2,0,0,,0,,,0,,,0,0,0,,0,0,0
Enso Gonzalez,Wolves,py PAR,"MF,DF",1,1,0,0,0,0,,,,,0,7,6,6,100.0,0,,,0,,,0,4,0,,0,0,0
